Workbook
Name 弧盘下拉: OFFSET(弧盘!$A$2,MATCH(1,(弧盘!$F$3:$F$52=INDIRECT("C"&ROW()))*(弧盘!$A$3:$A$52<>""),0),0,COUNTIFS(弧盘!$F$3:$F$52,INDIRECT("C"&ROW()),弧盘!$A$3:$A$52,"<>"),1)

Sheet 云配队
J2: 异环云配队 V0.1.1 作者：静默之光 | AF2: 内测阶段，请勿转载
F3: 角色 | G3: 装备弧盘 | H3: 装备卡带 | I3: 觉醒数 | AF3: 统计区 | AG3: 贡献伤害 | AH3: 贡献倾陷 | AI3: 累计回能 | AJ3: 累计环合 | AK3: 其他伤害
F4: 娜娜莉 | G4: =VLOOKUP($F4,配装!$A$3:$AF$18,配装!$V$1,FALSE) -> 预备备 | H4: =VLOOKUP($F4,配装!$A$3:$AF$18,配装!$X$1,FALSE) -> 森林萤火之心 | I4: =VLOOKUP($F4,配装!$A$3:$AX$18,配装!$AX$1,FALSE) -> 0 | L4: e | M4: q | N4: 5a | O4: 5a副手 | P4: 闪反 | Q4: 闪反副手 | AB4: C觉追击 | AD4: 累计伤害 | AF4: =F4 -> 娜娜莉 | AG4: =中间!D2 -> 235058.87 | AH4: =中间!E2 -> 16.523 | AI4: =中间!F2 -> 76.3986 | AJ4: =中间!G2 -> 86.5 | AK4: =计算!Z10 -> 135077.57
F5: 主角 | G5: =VLOOKUP($F5,配装!$A$3:$AF$18,配装!$V$1,FALSE) -> 休息日 | H5: =VLOOKUP($F5,配装!$A$3:$AF$18,配装!$X$1,FALSE) -> 失落光芒 | I5: =VLOOKUP($F5,配装!$A$3:$AX$18,配装!$AX$1,FALSE) -> 3 | J5: e | K5: q | Y5: 援护 | AD5: =中间!D10+AG11 -> 719149.73 | AF5: =F5 -> 主角 | AG5: =中间!D3 -> 49667.023 | AH5: =中间!E3 -> 5.301167 | AI5: =中间!F3 -> 90.672534 | AJ5: =中间!G3 -> 100 | AK5: =中间!D6 -> 222831.55
F6: 阿德勒 | G6: =VLOOKUP($F6,配装!$A$3:$AF$18,配装!$V$1,FALSE) -> 勿忘伞 | H6: =VLOOKUP($F6,配装!$A$3:$AF$18,配装!$X$1,FALSE) -> 守卫王国 | I6: =VLOOKUP($F6,配装!$A$3:$AX$18,配装!$AX$1,FALSE) -> 6 | R6: q | S6: dot10跳 | T6: e | AD6: DPS | AF6: =F6 -> 阿德勒 | AG6: =中间!D4 -> 35076.199 | AH6: =中间!E4 -> 8.65 | AI6: =中间!F4 -> 70.3594 | AJ6: =中间!G4 -> 20.1 | AK6: =中间!D7 -> 0
F7: 九原 | G7: =VLOOKUP($F7,配装!$A$3:$AF$18,配装!$V$1,FALSE) -> 现实避难所 | H7: =VLOOKUP($F7,配装!$A$3:$AF$18,配装!$X$1,FALSE) -> 森林萤火之心 | I7: =VLOOKUP($F7,配装!$A$3:$AX$18,配装!$AX$1,FALSE) -> 1 | U7: q清算 | V7: 6枪 | W7: e | X7: dot | Y7: 援护 | Z7: q | AA7: 清算 | AD7: =IFERROR((AD5)/AD9,0) -> 44946.858 | AF7: =F7 -> 九原 | AG7: =中间!D5 -> 122780.92 | AH7: =中间!E5 -> 5.4 | AI7: =中间!F5 -> 140.3594 | AJ7: =中间!G5 -> 11.802 | AK7: =中间!D8 -> 0
F8: 角色等级 | G8: 怪物等级 | H8: 倾陷上限 | I8: 重复 | J8: 1 | K8: 0.667 | L8: 1 | M8: 0.75 | N8: 2 | O8: 0.75 | P8: 3 | Q8: 1.5 | R8: 0.5 | S8: 0.5 | T8: 1 | U8: 1 | V8: 1 | W8: 1 | X8: 12 | Y8: 1 | Z8: 1 | AA8: 1 | AB8: 12 | AC8: 1.5 | AD8: 累计时间 | AF8: 创生 | AG8: =中间!D6 -> 222831.55
F9: 80 | G9: 82 | H9: 70 | I9: 动作伤害 | J9: {=_xlfn._xlws.FILTER(计算!8:8,计算!1:1="d")} -> 13589.46 | K9: 27780.86 | L9: 29433.813 | M9: 49584.653 | N9: 61453.635 | O9: 18156.134 | P9: 30669.127 | Q9: 9430.186 | R9: 12814.91 | S9: 9026.2172 | T9: 13235.071 | U9: 25441.24 | V9: 10465.329 | W9: 15713.707 | X9: 22897.116 | Y9: 10475.805 | Z9: 31427.415 | AA9: 6360.3101 | AB9: 36331.326 | AC9: 0 | AD9: =IF(AD13>0,AD13,中间!D11) -> 16 | AF9: 浊燃 | AG9: =中间!D7 -> 0
F10: 怪物抗性 | G10: 怪物弱点 | H10: 弱点减抗 | I10: 累计耗时 | J10: {=_xlfn._xlws.FILTER(计算!8:8,计算!1:1="t")} -> 0.2 | K10: 0 | L10: 0 | M10: 0 | N10: 7.7 | O10: 0 | P10: 6.3 | Q10: 0 | R10: 0 | S10: 0 | T10: 0 | U10: 0 | V10: 0.3 | W10: 0 | X10: 0 | Y10: 1.3 | Z10: 0 | AA10: 0 | AB10: 0 | AC10: 0 | AD10: 累计倾陷 | AF10: 黯星 | AG10: =中间!D8 -> 0
F11: 0.2 | H11: 0.2 | I11: 反应 | AC11: 创生 | AD11: =中间!E10 -> 35.874167 | AF11: 倾陷 | AG11: =AK4*AE13 -> 53735.166
G12: 对敌类型 | H12: 早雾DOT 层数 | I12: 倾陷状态 | AD12: 指定轴长 | AE12: 倾陷频率
G13: BOSS | I13: 反应贡献 | J13: 全队最高 | K13: 全队最高 | L13: 全队最高 | M13: 全队最高 | N13: 全队最高 | O13: 全队最高 | P13: 全队最高 | Q13: 全队最高 | R13: 全队最高 | S13: 全队最高 | T13: 全队最高 | U13: 全队最高 | V13: 全队最高 | W13: 全队最高 | X13: 全队最高 | Y13: 全队最高 | Z13: 全队最高 | AA13: 全队最高 | AB13: 全队最高 | AC13: 全队最高 | AD13: 16 | AE13: =IFERROR(1/(H9/AD11+9/AD13),0) -> 0.39780969
G14: BUFF | I14: 自身buff1 | L14: 娜娜莉E暴伤 | M14: 娜娜莉E暴伤 | N14: 娜娜莉E暴伤 | O14: 娜娜莉E暴伤 | P14: 娜娜莉E暴伤 | Q14: 娜娜莉E暴伤 | S14: 阿德勒6命Q后E | AD14: 170595.75 | AE14: 654249.57
G15: 覆盖率 | H15: 0.5 | I15: 自身buff2 | T15: 阿德勒6命Q后E | AD15: =AG4/AD14 -> 1.3778706 | AE15: =AD5/AE14 -> 1.0991979
H16: 0.5 | I16: 全队buff1
I17: 全队buff2
I18: 全队buff3
I19: 全队buff4
I20: 全队buff5
I21: 全队buff6
H22: 0.67 | I22: 卡带buff1 | J22: 光套减防 | AC22: 光套减防
H23: 0.5 | I23: 卡带buff2 | J23: 音速蓝刺猬 | K23: 音速蓝刺猬 | L23: 音速蓝刺猬 | M23: 音速蓝刺猬 | N23: 音速蓝刺猬 | O23: 音速蓝刺猬 | P23: 音速蓝刺猬 | Q23: 音速蓝刺猬 | R23: 音速蓝刺猬 | S23: 音速蓝刺猬 | T23: 音速蓝刺猬 | U23: 音速蓝刺猬 | V23: 音速蓝刺猬 | W23: 音速蓝刺猬 | X23: 音速蓝刺猬 | Y23: 音速蓝刺猬 | Z23: 音速蓝刺猬 | AA23: 音速蓝刺猬 | AB23: 音速蓝刺猬 | AC23: 音速蓝刺猬
H24: 1 | I24: 卡带buff3 | K24: 光套减防
H25: 1 | I25: 卡带buff4
I26: 弧盘buff1 | M26: 预备备开Q非普攻 | O26: 预备备开Q普攻 | Q26: 预备备开Q普攻
H27: 0.75 | I27: 弧盘buff2 | N27: 预备备开Q普攻 | P27: 预备备开Q非普攻 | AB27: 预备备开Q非普攻
I28: 弧盘buff3
I29: 弧盘buff4

Sheet 配装
A1: =COLUMN() -> 1 | B1: =COLUMN() -> 2 | C1: =COLUMN() -> 3 | D1: =COLUMN() -> 4 | E1: =COLUMN() -> 5 | F1: =COLUMN() -> 6 | G1: =COLUMN() -> 7 | H1: =COLUMN() -> 8 | ... AZ1: =COLUMN() -> 52
A2: 角色 | B2: 属性 | C2: 适配 | D2: 基础攻击 | E2: 大攻击区 | F2: 小攻击区 | G2: 面板攻击 | H2: 基础生命 | I2: 大生命区 | J2: 小生命区 | K2: 面板生命 | L2: 基础防御 | M2: 大防御区 | N2: 小防御区 | O2: 面板防御 | P2: 面板暴击 | Q2: 面板暴伤 | R2: 面板属伤 | S2: 面板充能 | T2: 面板精通 | U2: 面板倾陷 | V2: 弧盘 | W2: 详情 | X2: 卡带 | Y2: 详情 | Z2: 技能等级 不含3命 | AA2: 等级区 | AB2: 卡带 主词条 | AC2: 空幕加成 | AD2: 空幕属性 | AE2: 空幕被动 | AF2: 空幕被动层数 | AG2: 全伤 1%/B | AH2: 暴击 1%/B | AI2: 暴伤 2%/B | AJ2: 精通 6/B | AK2: 倾陷强度 6/B | AL2: 攻击% 1.25%/B | AM2: 攻击 8/B | AN2: 生命% 1.25%/B | AO2: 生命 100/B | AP2: 防御% 1.75%/B | AQ2: 防御 8/B | AR2: 觉醒A | AS2: 觉醒B | AT2: 觉醒C | AU2: 觉醒D | AV2: 觉醒E | AW2: 觉醒F | AX2: 觉醒数 | AY2: 3命 | AZ2: 6命
A3: 主角 | B3: =角色!B3 -> 光 | C3: 固态 | D3: =角色!D3+VLOOKUP($V3,弧盘!$A$2:$C$51,弧盘!$B$1,FALSE) -> 1187.75 | E3: =角色!L3+VLOOKUP($V3,弧盘!$A$2:$AF$51,弧盘!$I$1,FALSE)+VLOOKUP($X3,卡带!$A$2:$V$14,卡带!$C$1,FALSE)+IF($AB3="攻击",中间!$M$7,0)+IF($AD3="攻击",$AF3*$AC3%,0)+AL3 -> 0.725 | F3: =AM3+角色!M3+中间!$L$20 -> 420 | G3: =D3*(1+E3)+F3 -> 2468.8688 | H3: =角色!F3 -> 15150 | I3: =角色!N3+VLOOKUP($V3,弧盘!$A$2:$AF$51,弧盘!$J$1,FALSE)+VLOOKUP($X3,卡带!$A$2:$V$14,卡带!$D$1,FALSE)+IF($AB3="生命",中间!$M$8,0)+IF($AD3="生命",$AF3*$AC3%,0)+AN3 -> 0 | J3: =AO3+角色!O3+中间!$L$21 -> 5200 | K3: =H3*(1+I3)+J3 -> 20350 | L3: =角色!H3 -> 909 | M3: =角色!P3+VLOOKUP($V3,弧盘!$A$2:$AF$51,弧盘!$K$1,FALSE)+VLOOKUP($X3,卡带!$A$2:$V$14,卡带!$E$1,FALSE)+IF($AB3="防御",中间!$M$9,0)+IF($AD3="防御",$AF3*$AC3%,0)+AR3 -> 0 | N3: =AQ3+角色!Q3 -> 0 | O3: =L3*(1+M3)+N3 -> 909 | P3: =角色!J3+VLOOKUP($V3,弧盘!$A$2:$AF$51,弧盘!$G$1,FALSE)+IF(AB3="暴击",中间!$M$3,0)+AH3+IF($AD3="暴击",$AC3%*$AF3,0) -> 0.15 | Q3: =角色!K3+VLOOKUP($V3,弧盘!$A$2:$AF$51,弧盘!$H$1,FALSE)+IF(AB3="暴伤",中间!$M$4,0)+IF($AD3="暴伤",$AC3%*$AF3,0)+AI3 -> 0.7 | R3: =角色!X3+VLOOKUP($X3,卡带!A$3:B$15,卡带!$B$1,FALSE)+IF(AB3="属伤",中间!$M$2,0)+IF($AD3="属伤",$AC3%*$AF3,0) -> 0.1 | S3: =角色!T3+VLOOKUP($V3,弧盘!$A$2:$AF$51,弧盘!$L$1,FALSE)+VLOOKUP($X3,卡带!A$3:F$15,卡带!$F$1,FALSE)+IF($AD3="充能",$AC3%*$AF3,0) -> 0.33 | T3: =角色!U3+VLOOKUP($V3,弧盘!$A$2:$AF$51,弧盘!M$1,FALSE)+VLOOKUP($X3,卡带!$A$2:$V$14,卡带!G$1,FALSE)+IF($AB3="精通",中间!$M$5,0)+IF($AD3="精通",$AC3%*$AF3,0)+AJ3 -> 270 | U3: =角色!V3+VLOOKUP($V3,弧盘!$A$2:$AF$51,弧盘!N$1,FALSE)+VLOOKUP($X3,卡带!$A$2:$V$14,卡带!H$1,FALSE)+IF($AB3="倾陷",中间!$M$6,0)+AK3 -> 0 | V3: 休息日 | W3: =IFERROR(VLOOKUP(V3,弧盘!$A$2:O53,弧盘!$O$1,FALSE),"") -> 30攻击；调弧：对群回能 | X3: 失落光芒 | Y3: =IFERROR(VLOOKUP(X3,卡带!$A$2:$J$14,卡带!$J$1,FALSE),"") -> 10光伤；Q后20秒减防25 | Z3: 10 | AA3: =POWER(1.08,Z3-1+IF(AY3,1,0)) -> 2.158925 | AB3: 精通 | AC3: 10 | AD3: 攻击 | AE3: =AC3&AD3 -> 10攻击 | AF3: 6 | AG3: 0.15 | AH3: 0.1 | AI3: 0.2 | AJ3: 90 | AL3: 0.125 | AS3: TRUE | AT3: TRUE | AU3: TRUE | AX3: =COUNTIF($AR3:$AW3,TRUE) -> 3 | AY3: =AX3>2 -> TRUE | AZ3: =AX3>5 -> FALSE
A4: 浔 | B4: =角色!B4 -> 光 | C4: 固态 | D4: =角色!D4+VLOOKUP($V4,弧盘!$A$2:$C$51,弧盘!$B$1,FALSE) -> 1206 | E4: =角色!L4+VLOOKUP($V4,弧盘!$A$2:$AF$51,弧盘!$I$1,FALSE)+VLOOKUP($X4,卡带!$A$2:$V$14,卡带!$C$1,FALSE)+IF($AB4="攻击",中间!$M$7,0)+IF($AD4="攻击",$AF4*$AC4%,0)+AL4 -> 0.1875 | F4: =AM4+角色!M4+中间!$L$20 -> 420 | G4: =D4*(1+E4)+F4 -> 1852.125 | H4: =角色!F4 -> 15998.4 | I4: =角色!N4+VLOOKUP($V4,弧盘!$A$2:$AF$51,弧盘!$J$1,FALSE)+VLOOKUP($X4,卡带!$A$2:$V$14,卡带!$D$1,FALSE)+IF($AB4="生命",中间!$M$8,0)+IF($AD4="生命",$AF4*$AC4%,0)+AN4 -> 0 | J4: =AO4+角色!O4+中间!$L$21 -> 5200 | K4: =H4*(1+I4)+J4 -> 21198.4 | L4: =角色!H4 -> 909 | M4: =角色!P4+VLOOKUP($V4,弧盘!$A$2:$AF$51,弧盘!$K$1,FALSE)+VLOOKUP($X4,卡带!$A$2:$V$14,卡带!$E$1,FALSE)+IF($AB4="防御",中间!$M$9,0)+IF($AD4="防御",$AF4*$AC4%,0)+AR4 -> 0 | N4: =AQ4+角色!Q4 -> 0 | O4: =L4*(1+M4)+N4 -> 909 | P4: =角色!J4+VLOOKUP($V4,弧盘!$A$2:$AF$51,弧盘!$G$1,FALSE)+IF(AB4="暴击",中间!$M$3,0)+AH4+IF($AD4="暴击",$AC4%*$AF4,0) -> 0.74 | Q4: =角色!K4+VLOOKUP($V4,弧盘!$A$2:$AF$51,弧盘!$H$1,FALSE)+IF(AB4="暴伤",中间!$M$4,0)+IF($AD4="暴伤",$AC4%*$AF4,0)+AI4 -> 0.8 | R4: =角色!X4+VLOOKUP($X4,卡带!A$3:B$15,卡带!$B$1,FALSE)+IF(AB4="属伤",中间!$M$2,0)+IF($AD4="属伤",$AC4%*$AF4,0) -> 0.5 | S4: =角色!T4+VLOOKUP($V4,弧盘!$A$2:$AF$51,弧盘!$L$1,FALSE)+VLOOKUP($X4,卡带!A$3:F$15,卡带!$F$1,FALSE)+IF($AD4="充能",$AC4%*$AF4,0) -> 0 | T4: =角色!U4+VLOOKUP($V4,弧盘!$A$2:$AF$51,弧盘!M$1,FALSE)+VLOOKUP($X4,卡带!$A$2:$V$14,卡带!G$1,FALSE)+IF($AB4="精通",中间!$M$5,0)+IF($AD4="精通",$AC4%*$AF4,0)+AJ4 -> 0 | U4: =角色!V4+VLOOKUP($V4,弧盘!$A$2:$AF$51,弧盘!N$1,FALSE)+VLOOKUP($X4,卡带!$A$2:$V$14,卡带!H$1,FALSE)+IF($AB4="倾陷",中间!$M$6,0)+AK4 -> 0 | V4: 行进于时间之外 | W4: =IFERROR(VLOOKUP(V4,弧盘!$A$2:O54,弧盘!$O$1,FALSE),"") -> 16攻击；e后每秒q的45暴伤和12减防 | X4: 失落光芒 | Y4: =IFERROR(VLOOKUP(X4,卡带!$A$2:$J$14,卡带!$J$1,FALSE),"") -> 10光伤；Q后20秒减防25 | Z4: 10 | AA4: =POWER(1.08,Z4-1+IF(AY4,1,0)) -> 1.9990046 | AB4: 暴击 | AC4: 10 | AD4: 属伤 | AE4: =AC4&AD4 -> 10属伤 | AF4: 4 | AG4: 0.15 | AH4: 0.15 | AI4: 0.3 | AL4: =15*1.25% -> 0.1875 | AX4: =COUNTIF($AR4:$AW4,TRUE) -> 0 | AY4: =AX4>2 -> FALSE | AZ4: =AX4>5 -> FALSE
A5: 小吱 | B5: 光 | C5: 气态 | D5: =角色!D5+VLOOKUP($V5,弧盘!$A$2:$C$51,弧盘!$B$1,FALSE) -> 1171.85 | E5: =角色!L5+VLOOKUP($V5,弧盘!$A$2:$AF$51,弧盘!$I$1,FALSE)+VLOOKUP($X5,卡带!$A$2:$V$14,卡带!$C$1,FALSE)+IF($AB5="攻击",中间!$M$7,0)+IF($AD5="攻击",$AF5*$AC5%,0)+AL5 -> 0.1875 | F5: =AM5+角色!M5+中间!$L$20 -> 420 | G5: =D5*(1+E5)+F5 -> 1811.5719 | H5: =角色!F5 -> 15513.6 | I5: =角色!N5+VLOOKUP($V5,弧盘!$A$2:$AF$51,弧盘!$J$1,FALSE)+VLOOKUP($X5,卡带!$A$2:$V$14,卡带!$D$1,FALSE)+IF($AB5="生命",中间!$M$8,0)+IF($AD5="生命",$AF5*$AC5%,0)+AN5 -> 0 | J5: =AO5+角色!O5+中间!$L$21 -> 5200 | K5: =H5*(1+I5)+J5 -> 20713.6 | L5: =角色!H5 -> 909 | M5: =角色!P5+VLOOKUP($V5,弧盘!$A$2:$AF$51,弧盘!$K$1,FALSE)+VLOOKUP($X5,卡带!$A$2:$V$14,卡带!$E$1,FALSE)+IF($AB5="防御",中间!$M$9,0)+IF($AD5="防御",$AF5*$AC5%,0)+AR5 -> 1 | N5: =AQ5+角色!Q5 -> 0 | O5: =L5*(1+M5)+N5 -> 1818 | P5: =角色!J5+VLOOKUP($V5,弧盘!$A$2:$AF$51,弧盘!$G$1,FALSE)+IF(AB5="暴击",中间!$M$3,0)+AH5+IF($AD5="暴击",$AC5%*$AF5,0) -> 0.5 | Q5: =角色!K5+VLOOKUP($V5,弧盘!$A$2:$AF$51,弧盘!$H$1,FALSE)+IF(AB5="暴伤",中间!$M$4,0)+IF($AD5="暴伤",$AC5%*$AF5,0)+AI5 -> 1.24 | R5: =角色!X5+VLOOKUP($X5,卡带!A$3:B$15,卡带!$B$1,FALSE)+IF(AB5="属伤",中间!$M$2,0)+IF($AD5="属伤",$AC5%*$AF5,0) -> 0.7 | S5: =角色!T5+VLOOKUP($V5,弧盘!$A$2:$AF$51,弧盘!$L$1,FALSE)+VLOOKUP($X5,卡带!A$3:F$15,卡带!$F$1,FALSE)+IF($AD5="充能",$AC5%*$AF5,0) -> 0 | T5: =角色!U5+VLOOKUP($V5,弧盘!$A$2:$AF$51,弧盘!M$1,FALSE)+VLOOKUP($X5,卡带!$A$2:$V$14,卡带!G$1,FALSE)+IF($AB5="精通",中间!$M$5,0)+IF($AD5="精通",$AC5%*$AF5,0)+AJ5 -> 0 | U5: =角色!V5+VLOOKUP($V5,弧盘!$A$2:$AF$51,弧盘!N$1,FALSE)+VLOOKUP($X5,卡带!$A$2:$V$14,卡带!H$1,FALSE)+IF($AB5="倾陷",中间!$M$6,0)+AK5 -> 0 | V5: 思考喵 | W5: =IFERROR(VLOOKUP(V5,弧盘!$A$2:O55,弧盘!$O$1,FALSE),"") -> 100万方斯叠满25光伤 | X5: 失落光芒 | Y5: =IFERROR(VLOOKUP(X5,卡带!$A$2:$J$14,卡带!$J$1,FALSE),"") -> 10光伤；Q后20秒减防25 | Z5: 10 | AA5: =POWER(1.08,Z5-1) -> 1.9990046 | AB5: 暴击 | AC5: 10 | AD5: 属伤 | AE5: =AC5&AD5 -> 10属伤 | AF5: 4 | AG5: 0.15 | AH5: 0.15 | AI5: 0.3 | AL5: =15*1.25% -> 0.1875 | AR5: TRUE | AW5: TRUE | AX5: =COUNTIF($AR5:$AW5,TRUE) -> 2 | AY5: =AX5>2 -> FALSE | AZ5: =AX5>5 -> FALSE
A6: 埃德嘉 | B6: 光 | C6: 液态 | D6: =角色!D6+VLOOKUP($V6,弧盘!$A$2:$C$51,弧盘!$B$1,FALSE) -> 816.35 | E6: =角色!L6+VLOOKUP($V6,弧盘!$A$2:$AF$51,弧盘!$I$1,FALSE)+VLOOKUP($X6,卡带!$A$2:$V$14,卡带!$C$1,FALSE)+IF($AB6="攻击",中间!$M$7,0)+IF($AD6="攻击",$AF6*$AC6%,0)+AN6 -> 0.1875 | F6: =AM6+角色!M6+中间!$L$20 -> 420 | G6: =D6*(1+E6)+F6 -> 1389.4156 | H6: =角色!F6 -> 16362 | I6: =角色!N6+VLOOKUP($V6,弧盘!$A$2:$AF$51,弧盘!$J$1,FALSE)+VLOOKUP($X6,卡带!$A$2:$V$14,卡带!$D$1,FALSE)+IF($AB6="生命",中间!$M$8,0)+IF($AD6="生命",$AF6*$AC6%,0)+AN6 -> 1.2625 | J6: =AO6+角色!O6+中间!$L$21 -> 5200 | K6: =H6*(1+I6)+J6 -> 42219.025 | L6: =角色!H6 -> 824.16 | M6: =角色!P6+VLOOKUP($V6,弧盘!$A$2:$AF$51,弧盘!$K$1,FALSE)+VLOOKUP($X6,卡带!$A$2:$V$14,卡带!$E$1,FALSE)+IF($AB6="防御",中间!$M$9,0)+IF($AD6="防御",$AF6*$AC6%,0)+AR6 -> 1 | N6: =AQ6+角色!Q6 -> 0 | O6: =L6*(1+M6)+N6 -> 1648.32 | P6: =角色!J6+VLOOKUP($V6,弧盘!$A$2:$AF$51,弧盘!$G$1,FALSE)+IF(AB6="暴击",中间!$M$3,0)+AH6+IF($AD6="暴击",$AC6%*$AF6,0) -> 0.2 | Q6: =角色!K6+VLOOKUP($V6,弧盘!$A$2:$AF$51,弧盘!$H$1,FALSE)+IF(AB6="暴伤",中间!$M$4,0)+IF($AD6="暴伤",$AC6%*$AF6,0)+AI6 -> 0.8 | R6: =角色!X6+VLOOKUP($X6,卡带!A$3:B$15,卡带!$B$1,FALSE)+IF(AB6="属伤",中间!$M$2,0)+IF($AD6="属伤",$AC6%*$AF6,0) -> 0 | S6: =角色!T6+VLOOKUP($V6,弧盘!$A$2:$AF$51,弧盘!$L$1,FALSE)+VLOOKUP($X6,卡带!A$3:F$15,卡带!$F$1,FALSE)+IF($AD6="充能",$AC6%*$AF6,0) -> 0 | T6: =角色!U6+VLOOKUP($V6,弧盘!$A$2:$AF$51,弧盘!M$1,FALSE)+VLOOKUP($X6,卡带!$A$2:$V$14,卡带!G$1,FALSE)+IF($AB6="精通",中间!$M$5,0)+IF($AD6="精通",$AC6%*$AF6,0)+AJ6 -> 0 | U6: =角色!V6+VLOOKUP($V6,弧盘!$A$2:$AF$51,弧盘!N$1,FALSE)+VLOOKUP($X6,卡带!$A$2:$V$14,卡带!H$1,FALSE)+IF($AB6="倾陷",中间!$M$6,0)+AK6 -> 0 | V6: 扭曲之城的呼唤 | W6: =IFERROR(VLOOKUP(V6,弧盘!$A$2:O56,弧盘!$O$1,FALSE),"") -> e后治疗效率20% | X6: 缇娅的夜间酒馆 | Y6: =IFERROR(VLOOKUP(X6,卡带!$A$2:$J$14,卡带!$J$1,FALSE),"") -> 10生命；20%治疗效率 | Z6: 10 | AA6: =POWER(1.08,Z6-1+IF(AY6,1,0)) -> 2.158925 | AB6: 治疗 | AC6: 10 | AD6: 生命 | AE6: =AC6&AD6 -> 10生命 | AF6: 6 | AG6: 0.15 | AH6: 0.15 | AI6: 0.3 | AN6: =15*1.25% -> 0.1875 | AR6: TRUE | AS6: TRUE | AT6: TRUE | AU6: TRUE | AV6: TRUE | AW6: TRUE | AX6: =COUNTIF($AR6:$AW6,TRUE) -> 6 | AY6: =AX6>2 -> TRUE | AZ6: =AX6>5 -> TRUE
A7: 娜娜莉 | B7: =角色!B7 -> 灵 | C7: 等离子 | D7: =角色!D7+VLOOKUP($V7,弧盘!$A$2:$C$51,弧盘!$B$1,FALSE) -> 1206 | E7: =角色!L7+VLOOKUP($V7,弧盘!$A$2:$AF$51,弧盘!$I$1,FALSE)+VLOOKUP($X7,卡带!$A$2:$V$14,卡带!$C$1,FALSE)+IF($AB7="攻击",中间!$M$7,0)+IF($AD7="攻击",$AF7*$AC7%,0)+AL7 -> 0.1875 | F7: =AM7+角色!M7+中间!$L$20 -> 420 | G7: =D7*(1+E7)+F7 -> 1852.125 | H7: =角色!F7 -> 15998.4 | I7: =角色!N7+VLOOKUP($V7,弧盘!$A$2:$AF$51,弧盘!$J$1,FALSE)+VLOOKUP($X7,卡带!$A$2:$V$14,卡带!$D$1,FALSE)+IF($AB7="生命",中间!$M$8,0)+IF($AD7="生命",$AF7*$AC7%,0)+AN7 -> 0 | J7: =AO7+角色!O7+中间!$L$21 -> 5200 | K7: =H7*(1+I7)+J7 -> 21198.4 | L7: =角色!H7 -> 909 | M7: =角色!P7+VLOOKUP($V7,弧盘!$A$2:$AF$51,弧盘!$K$1,FALSE)+VLOOKUP($X7,卡带!$A$2:$V$14,卡带!$E$1,FALSE)+IF($AB7="防御",中间!$M$9,0)+IF($AD7="防御",$AF7*$AC7%,0)+AR7 -> 0 | N7: =AQ7+角色!Q7 -> 0 | O7: =L7*(1+M7)+N7 -> 909 | P7: =角色!J7+VLOOKUP($V7,弧盘!$A$2:$AF$51,弧盘!$G$1,FALSE)+IF(AB7="暴击",中间!$M$3,0)+AH7+IF($AD7="暴击",$AC7%*$AF7,0) -> 0.69 | Q7: =角色!K7+VLOOKUP($V7,弧盘!$A$2:$AF$51,弧盘!$H$1,FALSE)+IF(AB7="暴伤",中间!$M$4,0)+IF($AD7="暴伤",$AC7%*$AF7,0)+AI7 -> 0.8 | R7: =角色!X7+VLOOKUP($X7,卡带!A$3:B$15,卡带!$B$1,FALSE)+IF(AB7="属伤",中间!$M$2,0)+IF($AD7="属伤",$AC7%*$AF7,0) -> 0.475 | S7: =角色!T7+VLOOKUP($V7,弧盘!$A$2:$AF$51,弧盘!$L$1,FALSE)+VLOOKUP($X7,卡带!A$3:F$15,卡带!$F$1,FALSE)+IF($AD7="充能",$AC7%*$AF7,0) -> 0 | T7: =角色!U7+VLOOKUP($V7,弧盘!$A$2:$AF$51,弧盘!M$1,FALSE)+VLOOKUP($X7,卡带!$A$2:$V$14,卡带!G$1,FALSE)+IF($AB7="精通",中间!$M$5,0)+IF($AD7="精通",$AC7%*$AF7,0)+AJ7 -> 0 | U7: =角色!V7+VLOOKUP($V7,弧盘!$A$2:$AF$51,弧盘!N$1,FALSE)+VLOOKUP($X7,卡带!$A$2:$V$14,卡带!H$1,FALSE)+IF($AB7="倾陷",中间!$M$6,0)+AK7 -> 0 | V7: 预备备 | W7: =IFERROR(VLOOKUP(V7,弧盘!$A$2:O56,弧盘!$O$1,FALSE),"") -> 15攻击；eq后普攻增伤15%，15秒2层；调弧(eq)：10对boss增伤，10秒 | X7: 森林萤火之心 | Y7: =IFERROR(VLOOKUP(X7,卡带!$A$2:$J$14,卡带!$J$1,FALSE),"") -> 10灵伤；8暴伤*7，10秒 | Z7: 10 | AA7: =POWER(1.08,Z7-1+IF(AY7,1,0)) -> 1.9990046 | AB7: 属伤 | AC7: 5 | AD7: 暴击 | AE7: =AC7&AD7 -> 5暴击 | AF7: 5 | AG7: 0.15 | AH7: 0.15 | AI7: 0.3 | AL7: =15*1.25% -> 0.1875 | AX7: =COUNTIF($AR7:$AW7,TRUE) -> 0 | AY7: =AX7>2 -> FALSE | AZ7: =AX7>5 -> FALSE
A8: 九原 | B8: =角色!B8 -> 灵 | C8: 固态 | D8: =角色!D8+VLOOKUP($V8,弧盘!$A$2:$C$51,弧盘!$B$1,FALSE) -> 1221.9 | E8: =角色!L8+VLOOKUP($V8,弧盘!$A$2:$AF$51,弧盘!$I$1,FALSE)+VLOOKUP($X8,卡带!$A$2:$V$14,卡带!$C$1,FALSE)+IF($AB8="攻击",中间!$M$7,0)+IF($AD8="攻击",$AF8*$AC8%,0)+AL8 -> 0.4875 | F8: =AM8+角色!M8+中间!$L$20 -> 420 | G8: =D8*(1+E8)+F8 -> 2237.5763 | H8: =角色!F8 -> 15634.8 | I8: =角色!N8+VLOOKUP($V8,弧盘!$A$2:$AF$51,弧盘!$J$1,FALSE)+VLOOKUP($X8,卡带!$A$2:$V$14,卡带!$D$1,FALSE)+IF($AB8="生命",中间!$M$8,0)+IF($AD8="生命",$AF8*$AC8%,0)+AN8 -> 0 | J8: =AO8+角色!O8+中间!$L$21 -> 5200 | K8: =H8*(1+I8)+J8 -> 20834.8 | L8: =角色!H8 -> 909 | M8: =角色!P8+VLOOKUP($V8,弧盘!$A$2:$AF$51,弧盘!$K$1,FALSE)+VLOOKUP($X8,卡带!$A$2:$V$14,卡带!$E$1,FALSE)+IF($AB8="防御",中间!$M$9,0)+IF($AD8="防御",$AF8*$AC8%,0)+AR8 -> 0 | N8: =AQ8+角色!Q8 -> 0 | O8: =L8*(1+M8)+N8 -> 909 | P8: =角色!J8+VLOOKUP($V8,弧盘!$A$2:$AF$51,弧盘!$G$1,FALSE)+IF(AB8="暴击",中间!$M$3,0)+AH8+IF($AD8="暴击",$AC8%*$AF8,0) -> 0.75 | Q8: =角色!K8+VLOOKUP($V8,弧盘!$A$2:$AF$51,弧盘!$H$1,FALSE)+IF(AB8="暴伤",中间!$M$4,0)+IF($AD8="暴伤",$AC8%*$AF8,0)+AI8 -> 0.8 | R8: =角色!X8+VLOOKUP($X8,卡带!A$3:B$15,卡带!$B$1,FALSE)+IF(AB8="属伤",中间!$M$2,0)+IF($AD8="属伤",$AC8%*$AF8,0) -> 0.1 | S8: =角色!T8+VLOOKUP($V8,弧盘!$A$2:$AF$51,弧盘!$L$1,FALSE)+VLOOKUP($X8,卡带!A$3:F$15,卡带!$F$1,FALSE)+IF($AD8="充能",$AC8%*$AF8,0) -> 0 | T8: =角色!U8+VLOOKUP($V8,弧盘!$A$2:$AF$51,弧盘!M$1,FALSE)+VLOOKUP($X8,卡带!$A$2:$V$14,卡带!G$1,FALSE)+IF($AB8="精通",中间!$M$5,0)+IF($AD8="精通",$AC8%*$AF8,0)+AJ8 -> 0 | U8: =角色!V8+VLOOKUP($V8,弧盘!$A$2:$AF$51,弧盘!N$1,FALSE)+VLOOKUP($X8,卡带!$A$2:$V$14,卡带!H$1,FALSE)+IF($AB8="倾陷",中间!$M$6,0)+AK8 -> 0 | V8: 现实避难所 | W8: =IFERROR(VLOOKUP(V8,弧盘!$A$2:O57,弧盘!$O$1,FALSE),"") -> 15灵伤；10附着伤，q后改20附着伤 | X8: 森林萤火之心 | Y8: =IFERROR(VLOOKUP(X8,卡带!$A$2:$J$14,卡带!$J$1,FALSE),"") -> 10灵伤；8暴伤*7，10秒 | Z8: 10 | AA8: =POWER(1.08,Z8-1+IF(AY8,1,0)) -> 1.9990046 | AB8: 暴击 | AC8: 5 | AD8: 暴击 | AE8: =AC8&AD8 -> 5暴击 | AF8: 5 | AG8: 0.15 | AH8: 0.15 | AI8: 0.3 | AL8: =15*1.25% -> 0.1875 | AS8: TRUE | AX8: =COUNTIF($AR8:$AW8,TRUE) -> 1 | AY8: =AX8>2 -> FALSE | AZ8: =AX8>5 -> FALSE
A9: 薄荷 | B9: =角色!B9 -> 灵 | C9: 液态 | D9: =角色!D9+VLOOKUP($V9,弧盘!$A$2:$C$51,弧盘!$B$1,FALSE) -> 1071.25 | E9: =角色!L9+VLOOKUP($V9,弧盘!$A$2:$AF$51,弧盘!$I$1,FALSE)+VLOOKUP($X9,卡带!$A$2:$V$14,卡带!$C$1,FALSE)+IF($AB9="攻击",中间!$M$7,0)+IF($AD9="攻击",$AF9*$AC9%,0)+AL9 -> 0.4375 | F9: =AM9+角色!M9+中间!$L$20 -> 420 | G9: =D9*(1+E9)+F9 -> 1959.9219 | H9: =角色!F9 -> 12120 | I9: =角色!N9+VLOOKUP($V9,弧盘!$A$2:$AF$51,弧盘!$J$1,FALSE)+VLOOKUP($X9,卡带!$A$2:$V$14,卡带!$D$1,FALSE)+IF($AB9="生命",中间!$M$8,0)+IF($AD9="生命",$AF9*$AC9%,0)+AN9 -> 0 | J9: =AO9+角色!O9+中间!$L$21 -> 5200 | K9: =H9*(1+I9)+J9 -> 17320 | L9: =角色!H9 -> 727.2 | M9: =角色!P9+VLOOKUP($V9,弧盘!$A$2:$AF$51,弧盘!$K$1,FALSE)+VLOOKUP($X9,卡带!$A$2:$V$14,卡带!$E$1,FALSE)+IF($AB9="防御",中间!$M$9,0)+IF($AD9="防御",$AF9*$AC9%,0)+AR9 -> 1.2 | N9: =AQ9+角色!Q9 -> 0 | O9: =L9*(1+M9)+N9 -> 1599.84 | P9: =角色!J9+VLOOKUP($V9,弧盘!$A$2:$AF$51,弧盘!$G$1,FALSE)+IF(AB9="暴击",中间!$M$3,0)+AH9+IF($AD9="暴击",$AC9%*$AF9,0) -> 0.64 | Q9: =角色!K9+VLOOKUP($V9,弧盘!$A$2:$AF$51,弧盘!$H$1,FALSE)+IF(AB9="暴伤",中间!$M$4,0)+IF($AD9="暴伤",$AC9%*$AF9,0)+AI9 -> 1.05 | R9: =角色!X9+VLOOKUP($X9,卡带!A$3:B$15,卡带!$B$1,FALSE)+IF(AB9="属伤",中间!$M$2,0)+IF($AD9="属伤",$AC9%*$AF9,0) -> 0.475 | S9: =角色!T9+VLOOKUP($V9,弧盘!$A$2:$AF$51,弧盘!$L$1,FALSE)+VLOOKUP($X9,卡带!A$3:F$15,卡带!$F$1,FALSE)+IF($AD9="充能",$AC9%*$AF9,0) -> 0 | T9: =角色!U9+VLOOKUP($V9,弧盘!$A$2:$AF$51,弧盘!M$1,FALSE)+VLOOKUP($X9,卡带!$A$2:$V$14,卡带!G$1,FALSE)+IF($AB9="精通",中间!$M$5,0)+IF($AD9="精通",$AC9%*$AF9,0)+AJ9 -> 0 | U9: =角色!V9+VLOOKUP($V9,弧盘!$A$2:$AF$51,弧盘!N$1,FALSE)+VLOOKUP($X9,卡带!$A$2:$V$14,卡带!H$1,FALSE)+IF($AB9="倾陷",中间!$M$6,0)+AK9 -> 0 | V9: 开始净空 | W9: =IFERROR(VLOOKUP(V9,弧盘!$A$2:O58,弧盘!$O$1,FALSE),"") -> EQ35灵伤 | X9: 森林萤火之心 | Y9: =IFERROR(VLOOKUP(X9,卡带!$A$2:$J$14,卡带!$J$1,FALSE),"") -> 10灵伤；8暴伤*7，10秒 | Z9: 10 | AA9: =POWER(1.08,Z9-1+IF(AY9,1,0)) -> 2.158925 | AB9: 属伤 | AC9: 8 | AD9: 暴击 | AE9: =AC9&AD9 -> 8暴击 | AF9: 4 | AG9: 0.15 | AH9: 0.15 | AI9: 0.3 | AL9: =15*1.25% -> 0.1875 | AR9: TRUE | AS9: TRUE | AT9: TRUE | AU9: TRUE | AV9: TRUE | AW9: TRUE | AX9: =COUNTIF($AR9:$AW9,TRUE) -> 6 | AY9: =AX9>2 -> TRUE | AZ9: =AX9>5 -> TRUE
A10: 白藏 | B10: =角色!B10 -> 咒 | C10: 聚合 | D10: =角色!D10+VLOOKUP($V10,弧盘!$A$2:$C$51,弧盘!$B$1,FALSE) -> 1309.95 | E10: =角色!L10+VLOOKUP($V10,弧盘!$A$2:$AF$51,弧盘!$I$1,FALSE)+VLOOKUP($X10,卡带!$A$2:$V$14,卡带!$C$1,FALSE)+IF($AB10="攻击",中间!$M$7,0)+IF($AD10="攻击",$AF10*$AC10%,0)+AL10 -> 0.1875 | F10: =AM10+角色!M10+中间!$L$20 -> 420 | G10: =D10*(1+E10)+F10 -> 1975.5656 | H10: =角色!F10 -> 16604.4 | I10: =角色!N10+VLOOKUP($V10,弧盘!$A$2:$AF$51,弧盘!$J$1,FALSE)+VLOOKUP($X10,卡带!$A$2:$V$14,卡带!$D$1,FALSE)+IF($AB10="生命",中间!$M$8,0)+IF($AD10="生命",$AF10*$AC10%,0)+AN10 -> 0 | J10: =AO10+角色!O10+中间!$L$21 -> 5200 | K10: =H10*(1+I10)+J10 -> 21804.4 | L10: =角色!H10 -> 799.92 | M10: =角色!P10+VLOOKUP($V10,弧盘!$A$2:$AF$51,弧盘!$K$1,FALSE)+VLOOKUP($X10,卡带!$A$2:$V$14,卡带!$E$1,FALSE)+IF($AB10="防御",中间!$M$9,0)+IF($AD10="防御",$AF10*$AC10%,0)+AR10 -> 0 | N10: =AQ10+角色!Q10 -> 0 | O10: =L10*(1+M10)+N10 -> 799.92 | P10: =角色!J10+VLOOKUP($V10,弧盘!$A$2:$AF$51,弧盘!$G$1,FALSE)+IF(AB10="暴击",中间!$M$3,0)+AH10+IF($AD10="暴击",$AC10%*$AF10,0) -> 0.64 | Q10: =角色!K10+VLOOKUP($V10,弧盘!$A$2:$AF$51,弧盘!$H$1,FALSE)+IF(AB10="暴伤",中间!$M$4,0)+IF($AD10="暴伤",$AC10%*$AF10,0)+AI10 -> 0.8 | R10: =角色!X10+VLOOKUP($X10,卡带!A$3:B$15,卡带!$B$1,FALSE)+IF(AB10="属伤",中间!$M$2,0)+IF($AD10="属伤",$AC10%*$AF10,0) -> 0.475 | S10: =角色!T10+VLOOKUP($V10,弧盘!$A$2:$AF$51,弧盘!$L$1,FALSE)+VLOOKUP($X10,卡带!A$3:F$15,卡带!$F$1,FALSE)+IF($AD10="充能",$AC10%*$AF10,0) -> 0 | T10: =角色!U10+VLOOKUP($V10,弧盘!$A$2:$AF$51,弧盘!M$1,FALSE)+VLOOKUP($X10,卡带!$A$2:$V$14,卡带!G$1,FALSE)+IF($AB10="精通",中间!$M$5,0)+IF($AD10="精通",$AC10%*$AF10,0)+AJ10 -> 0 | U10: =角色!V10+VLOOKUP($V10,弧盘!$A$2:$AF$51,弧盘!N$1,FALSE)+VLOOKUP($X10,卡带!$A$2:$V$14,卡带!H$1,FALSE)+IF($AB10="倾陷",中间!$M$6,0)+AK10 -> 0 | V10: 茶花会 | W10: =IFERROR(VLOOKUP(V10,弧盘!$A$2:O59,弧盘!$O$1,FALSE),"") -> 扣血后12暴伤*4，5秒；调弧120倍率 | X10: 真红：双生蝶 | Y10: =IFERROR(VLOOKUP(X10,卡带!$A$2:$J$14,卡带!$J$1,FALSE),"") -> 10咒伤；6攻击*6，10秒 | Z10: 10 | AA10: =POWER(1.08,Z10-1+IF(AY10,1,0)) -> 1.9990046 | AB10: 属伤 | AC10: 8 | AD10: 暴击 | AE10: =AC10&AD10 -> 8暴击 | AF10: 4 | AG10: 0.15 | AH10: 0.15 | AI10: 0.3 | AL10: =15*1.25% -> 0.1875 | AX10: =COUNTIF($AR10:$AW10,TRUE) -> 0 | AY10: =AX10>2 -> FALSE | AZ10: =AX10>5 -> FALSE
A11: 早雾 | B11: =角色!B11 -> 咒 | C11: 气态 | D11: =角色!D11+VLOOKUP($V11,弧盘!$A$2:$C$51,弧盘!$B$1,FALSE) -> 1094.1 | E11: =角色!L11+VLOOKUP($V11,弧盘!$A$2:$AF$51,弧盘!$I$1,FALSE)+VLOOKUP($X11,卡带!$A$2:$V$14,卡带!$C$1,FALSE)+IF($AB11="攻击",中间!$M$7,0)+IF($AD11="攻击",$AF11*$AC11%,0)+AL11 -> 0.575 | F11: =AM11+角色!M11+中间!$L$20 -> 420 | G11: =D11*(1+E11)+F11 -> 2143.2075 | H11: =角色!F11 -> 16483.2 | I11: =角色!N11+VLOOKUP($V11,弧盘!$A$2:$AF$51,弧盘!$J$1,FALSE)+VLOOKUP($X11,卡带!$A$2:$V$14,卡带!$D$1,FALSE)+IF($AB11="生命",中间!$M$8,0)+IF($AD11="生命",$AF11*$AC11%,0)+AN11 -> 0 | J11: =AO11+角色!O11+中间!$L$21 -> 5200 | K11: =H11*(1+I11)+J11 -> 21683.2 | L11: =角色!H11 -> 909 | M11: =角色!P11+VLOOKUP($V11,弧盘!$A$2:$AF$51,弧盘!$K$1,FALSE)+VLOOKUP($X11,卡带!$A$2:$V$14,卡带!$E$1,FALSE)+IF($AB11="防御",中间!$M$9,0)+IF($AD11="防御",$AF11*$AC11%,0)+AR11 -> 0 | N11: =AQ11+角色!Q11 -> 0 | O11: =L11*(1+M11)+N11 -> 909 | P11: =角色!J11+VLOOKUP($V11,弧盘!$A$2:$AF$51,弧盘!$G$1,FALSE)+IF(AB11="暴击",中间!$M$3,0)+AH11+IF($AD11="暴击",$AC11%*$AF11,0) -> 0.15 | Q11: =角色!K11+VLOOKUP($V11,弧盘!$A$2:$AF$51,弧盘!$H$1,FALSE)+IF(AB11="暴伤",中间!$M$4,0)+IF($AD11="暴伤",$AC11%*$AF11,0)+AI11 -> 0.7 | R11: =角色!X11+VLOOKUP($X11,卡带!A$3:B$15,卡带!$B$1,FALSE)+IF(AB11="属伤",中间!$M$2,0)+IF($AD11="属伤",$AC11%*$AF11,0) -> 0.48 | S11: =角色!T11+VLOOKUP($V11,弧盘!$A$2:$AF$51,弧盘!$L$1,FALSE)+VLOOKUP($X11,卡带!A$3:F$15,卡带!$F$1,FALSE)+IF($AD11="充能",$AC11%*$AF11,0) -> 0.12 | T11: =角色!U11+VLOOKUP($V11,弧盘!$A$2:$AF$51,弧盘!M$1,FALSE)+VLOOKUP($X11,卡带!$A$2:$V$14,卡带!G$1,FALSE)+IF($AB11="精通",中间!$M$5,0)+IF($AD11="精通",$AC11%*$AF11,0)+AJ11 -> 270 | U11: =角色!V11+VLOOKUP($V11,弧盘!$A$2:$AF$51,弧盘!N$1,FALSE)+VLOOKUP($X11,卡带!$A$2:$V$14,卡带!H$1,FALSE)+IF($AB11="倾陷",中间!$M$6,0)+AK11 -> 0 | V11: 好狗狗走四方 | W11: =IFERROR(VLOOKUP(V11,弧盘!$A$2:O60,弧盘!$O$1,FALSE),"") -> 18充能；Q后全队10%攻击，控住额外6%，20秒 | X11: 音速蓝刺猬 | Y11: =IFERROR(VLOOKUP(X11,卡带!$A$2:$J$14,卡带!$J$1,FALSE),"") -> 12充能；Q后全队15%攻击，10秒 | Z11: 10 | AA11: =POWER(1.08,Z11-1+IF(AY11,1,0)) -> 1.9990046 | AB11: 精通 | AC11: 8 | AD11: 属伤 | AE11: =AC11&AD11 -> 8属伤 | AF11: 6 | AG11: 0.15 | AH11: 0.1 | AI11: 0.2 | AJ11: 90 | AL11: 0.125 | AX11: =COUNTIF($AR11:$AW11,TRUE) -> 0 | AY11: =AX11>2 -> FALSE | AZ11: =AX11>5 -> FALSE
A12: 阿德勒 | B12: =角色!B12 -> 咒 | C12: 聚合 | D12: =角色!D12+VLOOKUP($V12,弧盘!$A$2:$C$51,弧盘!$B$1,FALSE) -> 832.25 | E12: =角色!L12+VLOOKUP($V12,弧盘!$A$2:$AF$51,弧盘!$I$1,FALSE)+VLOOKUP($X12,卡带!$A$2:$V$14,卡带!$C$1,FALSE)+IF($AB12="攻击",中间!$M$7,0)+IF($AD12="攻击",$AF12*$AC12%,0)+AP12 -> 0.2625 | F12: =AM12+角色!M12+中间!$L$20 -> 420 | G12: =D12*(1+E12)+F12 -> 1470.7156 | H12: =角色!F12 -> 14301.6 | I12: =角色!N12+VLOOKUP($V12,弧盘!$A$2:$AF$51,弧盘!$J$1,FALSE)+VLOOKUP($X12,卡带!$A$2:$V$14,卡带!$D$1,FALSE)+IF($AB12="生命",中间!$M$8,0)+IF($AD12="生命",$AF12*$AC12%,0)+AN12 -> 0 | J12: =AO12+角色!O12+中间!$L$21 -> 5200 | K12: =H12*(1+I12)+J12 -> 19501.6 | L12: =角色!H12 -> 993.84 | M12: =角色!P12+VLOOKUP($V12,弧盘!$A$2:$AF$51,弧盘!$K$1,FALSE)+VLOOKUP($X12,卡带!$A$2:$V$14,卡带!$E$1,FALSE)+IF($AB12="防御",中间!$M$9,0)+IF($AD12="防御",$AF12*$AC12%,0)+AR12 -> 2.395 | N12: =AQ12+角色!Q12 -> 0 | O12: =L12*(1+M12)+N12 -> 3374.0868 | P12: =角色!J12+VLOOKUP($V12,弧盘!$A$2:$AF$51,弧盘!$G$1,FALSE)+IF(AB12="暴击",中间!$M$3,0)+AH12+IF($AD12="暴击",$AC12%*$AF12,0) -> 0.2 | Q12: =角色!K12+VLOOKUP($V12,弧盘!$A$2:$AF$51,弧盘!$H$1,FALSE)+IF(AB12="暴伤",中间!$M$4,0)+IF($AD12="暴伤",$AC12%*$AF12,0)+AI12 -> 0.8 | R12: =角色!X12+VLOOKUP($X12,卡带!A$3:B$15,卡带!$B$1,FALSE)+IF(AB12="属伤",中间!$M$2,0)+IF($AD12="属伤",$AC12%*$AF12,0) -> 0.375 | S12: =角色!T12+VLOOKUP($V12,弧盘!$A$2:$AF$51,弧盘!$L$1,FALSE)+VLOOKUP($X12,卡带!A$3:F$15,卡带!$F$1,FALSE)+IF($AD12="充能",$AC12%*$AF12,0) -> 0 | T12: =角色!U12+VLOOKUP($V12,弧盘!$A$2:$AF$51,弧盘!M$1,FALSE)+VLOOKUP($X12,卡带!$A$2:$V$14,卡带!G$1,FALSE)+IF($AB12="精通",中间!$M$5,0)+IF($AD12="精通",$AC12%*$AF12,0)+AJ12 -> 0 | U12: =角色!V12+VLOOKUP($V12,弧盘!$A$2:$AF$51,弧盘!N$1,FALSE)+VLOOKUP($X12,卡带!$A$2:$V$14,卡带!H$1,FALSE)+IF($AB12="倾陷",中间!$M$6,0)+AK12 -> 0 | V12: 勿忘伞 | W12: =IFERROR(VLOOKUP(V12,弧盘!$A$2:O61,弧盘!$O$1,FALSE),"") -> 18生命；18护盾强度 | X12: 守卫王国 | Y12: =IFERROR(VLOOKUP(X12,卡带!$A$2:$J$14,卡带!$J$1,FALSE),"") -> 15防御；20%护盾强效 | Z12: 10 | AA12: =POWER(1.08,Z12-1+IF(AY12,1,0)) -> 2.158925 | AB12: 属伤 | AC12: 12 | AD12: 防御 | AE12: =AC12&AD12 -> 12防御 | AF12: 6 | AG12: 0.15 | AH12: 0.15 | AI12: 0.3 | AP12: =1.75%*15 -> 0.2625 | AR12: TRUE | AS12: TRUE | AT12: TRUE | AU12: TRUE | AV12: TRUE | AW12: TRUE | AX12: =COUNTIF($AR12:$AW12,TRUE) -> 6 | AY12: =AX12>2 -> TRUE | AZ12: =AX12>5 -> TRUE
A13: 安魂曲 | B13: =角色!B13 -> 暗 | C13: 液态 | D13: =角色!D13+VLOOKUP($V13,弧盘!$A$2:$C$51,弧盘!$B$1,FALSE) -> 1206 | E13: =角色!L13+VLOOKUP($V13,弧盘!$A$2:$AF$51,弧盘!$I$1,FALSE)+VLOOKUP($X13,卡带!$A$2:$V$14,卡带!$C$1,FALSE)+IF($AB13="攻击",中间!$M$7,0)+IF($AD13="攻击",$AF13*$AC13%,0)+AL13 -> 0.1875 | F13: =AM13+角色!M13+中间!$L$20 -> 620 | G13: =D13*(1+E13)+F13 -> 2052.125 | H13: =角色!F13 -> 15998.4 | I13: =角色!N13+VLOOKUP($V13,弧盘!$A$2:$AF$51,弧盘!$J$1,FALSE)+VLOOKUP($X13,卡带!$A$2:$V$14,卡带!$D$1,FALSE)+IF($AB13="生命",中间!$M$8,0)+IF($AD13="生命",$AF13*$AC13%,0)+AN13 -> 0 | J13: =AO13+角色!O13+中间!$L$21 -> 5200 | K13: =H13*(1+I13)+J13 -> 21198.4 | L13: =角色!H13 -> 909 | M13: =角色!P13+VLOOKUP($V13,弧盘!$A$2:$AF$51,弧盘!$K$1,FALSE)+VLOOKUP($X13,卡带!$A$2:$V$14,卡带!$E$1,FALSE)+IF($AB13="防御",中间!$M$9,0)+IF($AD13="防御",$AF13*$AC13%,0)+AR13 -> 0 | N13: =AQ13+角色!Q13 -> 0 | O13: =L13*(1+M13)+N13 -> 909 | P13: =角色!J13+VLOOKUP($V13,弧盘!$A$2:$AF$51,弧盘!$G$1,FALSE)+IF(AB13="暴击",中间!$M$3,0)+AH13+IF($AD13="暴击",$AC13%*$AF13,0) -> 0.39 | Q13: =角色!K13+VLOOKUP($V13,弧盘!$A$2:$AF$51,弧盘!$H$1,FALSE)+IF(AB13="暴伤",中间!$M$4,0)+IF($AD13="暴伤",$AC13%*$AF13,0)+AI13 -> 0.8 | R13: =角色!X13+VLOOKUP($X13,卡带!A$3:B$15,卡带!$B$1,FALSE)+IF(AB13="属伤",中间!$M$2,0)+IF($AD13="属伤",$AC13%*$AF13,0) -> 0.875 | S13: =角色!T13+VLOOKUP($V13,弧盘!$A$2:$AF$51,弧盘!$L$1,FALSE)+VLOOKUP($X13,卡带!A$3:F$15,卡带!$F$1,FALSE)+IF($AD13="充能",$AC13%*$AF13,0) -> 0 | T13: =角色!U13+VLOOKUP($V13,弧盘!$A$2:$AF$51,弧盘!M$1,FALSE)+VLOOKUP($X13,卡带!$A$2:$V$14,卡带!G$1,FALSE)+IF($AB13="精通",中间!$M$5,0)+IF($AD13="精通",$AC13%*$AF13,0)+AJ13 -> 0 | U13: =角色!V13+VLOOKUP($V13,弧盘!$A$2:$AF$51,弧盘!N$1,FALSE)+VLOOKUP($X13,卡带!$A$2:$V$14,卡带!H$1,FALSE)+IF($AB13="倾陷",中间!$M$6,0)+AK13 -> 0 | V13: 「最后一朵玫瑰」 | W13: =IFERROR(VLOOKUP(V13,弧盘!$A$2:O62,弧盘!$O$1,FALSE),"") -> 14攻击；叠层60暴伤；倾陷延时3s | X13: 迪亚波罗斯 | Y13: =IFERROR(VLOOKUP(X13,卡带!$A$2:$J$14,卡带!$J$1,FALSE),"") -> 10暗伤；无视12抗性，触发暗反应后翻倍，20秒 | Z13: 10 | AA13: =POWER(1.08,Z13-1+IF(AY13,1,0)) -> 1.9990046 | AB13: 属伤 | AC13: 10 | AD13: 属伤 | AE13: =AC13&AD13 -> 10属伤 | AF13: 4 | AG13: 0.15 | AH13: 0.1 | AI13: 0.3 | AL13: 0.1875 | AW13: TRUE | AX13: =COUNTIF($AR13:$AW13,TRUE) -> 1 | AY13: =AX13>2 -> FALSE | AZ13: =AX13>5 -> FALSE
A14: 达芙蒂尔 | B14: =角色!B14 -> 暗 | C14: 液态 | D14: =角色!D14+VLOOKUP($V14,弧盘!$A$2:$C$51,弧盘!$B$1,FALSE) -> 1213.95 | E14: =角色!L14+VLOOKUP($V14,弧盘!$A$2:$AF$51,弧盘!$I$1,FALSE)+VLOOKUP($X14,卡带!$A$2:$V$14,卡带!$C$1,FALSE)+IF($AB14="攻击",中间!$M$7,0)+IF($AD14="攻击",$AF14*$AC14%,0)+AL14 -> 0.425 | F14: =AM14+角色!M14+中间!$L$20 -> 420 | G14: =D14*(1+E14)+F14 -> 2149.8787 | H14: =角色!F14 -> 16180.2 | I14: =角色!N14+VLOOKUP($V14,弧盘!$A$2:$AF$51,弧盘!$J$1,FALSE)+VLOOKUP($X14,卡带!$A$2:$V$14,卡带!$D$1,FALSE)+IF($AB14="生命",中间!$M$8,0)+IF($AD14="生命",$AF14*$AC14%,0)+AN14 -> 0 | J14: =AO14+角色!O14+中间!$L$21 -> 5200 | K14: =H14*(1+I14)+J14 -> 21380.2 | L14: =角色!H14 -> 872.64 | M14: =角色!P14+VLOOKUP($V14,弧盘!$A$2:$AF$51,弧盘!$K$1,FALSE)+VLOOKUP($X14,卡带!$A$2:$V$14,卡带!$E$1,FALSE)+IF($AB14="防御",中间!$M$9,0)+IF($AD14="防御",$AF14*$AC14%,0)+AR14 -> 0 | N14: =AQ14+角色!Q14 -> 0 | O14: =L14*(1+M14)+N14 -> 872.64 | P14: =角色!J14+VLOOKUP($V14,弧盘!$A$2:$AF$51,弧盘!$G$1,FALSE)+IF(AB14="暴击",中间!$M$3,0)+AH14+IF($AD14="暴击",$AC14%*$AF14,0) -> 0.15 | Q14: =角色!K14+VLOOKUP($V14,弧盘!$A$2:$AF$51,弧盘!$H$1,FALSE)+IF(AB14="暴伤",中间!$M$4,0)+IF($AD14="暴伤",$AC14%*$AF14,0)+AI14 -> 0.7 | R14: =角色!X14+VLOOKUP($X14,卡带!A$3:B$15,卡带!$B$1,FALSE)+IF(AB14="属伤",中间!$M$2,0)+IF($AD14="属伤",$AC14%*$AF14,0) -> 0.875 | S14: =角色!T14+VLOOKUP($V14,弧盘!$A$2:$AF$51,弧盘!$L$1,FALSE)+VLOOKUP($X14,卡带!A$3:F$15,卡带!$F$1,FALSE)+IF($AD14="充能",$AC14%*$AF14,0) -> 0 | T14: =角色!U14+VLOOKUP($V14,弧盘!$A$2:$AF$51,弧盘!M$1,FALSE)+VLOOKUP($X14,卡带!$A$2:$V$14,卡带!G$1,FALSE)+IF($AB14="精通",中间!$M$5,0)+IF($AD14="精通",$AC14%*$AF14,0)+AJ14 -> 30 | U14: =角色!V14+VLOOKUP($V14,弧盘!$A$2:$AF$51,弧盘!N$1,FALSE)+VLOOKUP($X14,卡带!$A$2:$V$14,卡带!H$1,FALSE)+IF($AB14="倾陷",中间!$M$6,0)+AK14 -> 60 | V14: 漆黑青春妄想 | W14: =IFERROR(VLOOKUP(V14,弧盘!$A$2:O63,弧盘!$O$1,FALSE),"") -> 60倾陷；调弧：20暗伤、倾陷200%倍率 | X14: 迪亚波罗斯 | Y14: =IFERROR(VLOOKUP(X14,卡带!$A$2:$J$14,卡带!$J$1,FALSE),"") -> 10暗伤；无视12抗性，触发暗反应后翻倍，20秒 | Z14: 10 | AA14: =POWER(1.08,Z14-1+IF(AY14,1,0)) -> 1.9990046 | AB14: 属伤 | AC14: 10 | AD14: 属伤 | AE14: =AC14&AD14 -> 10属伤 | AF14: 4 | AG14: 0.15 | AH14: 0.1 | AI14: 0.2 | AJ14: 30 | AK14: 60 | AL14: 0.125 | AT14: TRUE | AX14: =COUNTIF($AR14:$AW14,TRUE) -> 1 | AY14: =AX14>2 -> FALSE | AZ14: =AX14>5 -> FALSE
A15: 法帝娅 | B15: =角色!B15 -> 魂 | C15: 聚合 | D15: =角色!D15+VLOOKUP($V15,弧盘!$A$2:$C$51,弧盘!$B$1,FALSE) -> 1020.25 | E15: =角色!L15+VLOOKUP($V15,弧盘!$A$2:$AF$51,弧盘!$I$1,FALSE)+VLOOKUP($X15,卡带!$A$2:$V$14,卡带!$C$1,FALSE)+IF($AB15="攻击",中间!$M$7,0)+IF($AD15="攻击",$AF15*$AC15%,0)+AL15 -> 0 | F15: =AM15+角色!M15+中间!$L$20 -> 420 | G15: =D15*(1+E15)+F15 -> 1440.25 | H15: =角色!F15 -> 17089.2 | I15: =角色!N15+VLOOKUP($V15,弧盘!$A$2:$AF$51,弧盘!$J$1,FALSE)+VLOOKUP($X15,卡带!$A$2:$V$14,卡带!$D$1,FALSE)+IF($AB15="生命",中间!$M$8,0)+IF($AD15="生命",$AF15*$AC15%,0)+AN15 -> 0.8975 | J15: =AO15+角色!O15+中间!$L$21 -> 5200 | K15: =H15*(1+I15)+J15 -> 37626.757 | L15: =角色!H15 -> 909 | M15: =角色!P15+VLOOKUP($V15,弧盘!$A$2:$AF$51,弧盘!$K$1,FALSE)+VLOOKUP($X15,卡带!$A$2:$V$14,卡带!$E$1,FALSE)+IF($AB15="防御",中间!$M$9,0)+IF($AD15="防御",$AF15*$AC15%,0)+AR15 -> 0 | N15: =AQ15+角色!Q15 -> 0 | O15: =L15*(1+M15)+N15 -> 909 | P15: =角色!J15+VLOOKUP($V15,弧盘!$A$2:$AF$51,弧盘!$G$1,FALSE)+IF(AB15="暴击",中间!$M$3,0)+AH15+IF($AD15="暴击",$AC15%*$AF15,0) -> 0.15 | Q15: =角色!K15+VLOOKUP($V15,弧盘!$A$2:$AF$51,弧盘!$H$1,FALSE)+IF(AB15="暴伤",中间!$M$4,0)+IF($AD15="暴伤",$AC15%*$AF15,0)+AI15 -> 0.7 | R15: =角色!X15+VLOOKUP($X15,卡带!A$3:B$15,卡带!$B$1,FALSE)+IF(AB15="属伤",中间!$M$2,0)+IF($AD15="属伤",$AC15%*$AF15,0) -> 0 | S15: =角色!T15+VLOOKUP($V15,弧盘!$A$2:$AF$51,弧盘!$L$1,FALSE)+VLOOKUP($X15,卡带!A$3:F$15,卡带!$F$1,FALSE)+IF($AD15="充能",$AC15%*$AF15,0) -> 0.12 | T15: =角色!U15+VLOOKUP($V15,弧盘!$A$2:$AF$51,弧盘!M$1,FALSE)+VLOOKUP($X15,卡带!$A$2:$V$14,卡带!G$1,FALSE)+IF($AB15="精通",中间!$M$5,0)+IF($AD15="精通",$AC15%*$AF15,0)+AJ15 -> 0 | U15: =角色!V15+VLOOKUP($V15,弧盘!$A$2:$AF$51,弧盘!N$1,FALSE)+VLOOKUP($X15,卡带!$A$2:$V$14,卡带!H$1,FALSE)+IF($AB15="倾陷",中间!$M$6,0)+AK15 -> 270 | V15: 永恒圆舞曲 | W15: =IFERROR(VLOOKUP(V15,弧盘!$A$2:O64,弧盘!$O$1,FALSE),"") -> 25生命；Q后20潜意伤，10秒 | X15: 音速蓝刺猬 | Y15: =IFERROR(VLOOKUP(X15,卡带!$A$2:$J$14,卡带!$J$1,FALSE),"") -> 12充能；Q后全队15%攻击，10秒 | Z15: 10 | AA15: =POWER(1.08,Z15-1+IF(AY15,1,0)) -> 1.9990046 | AB15: 倾陷 | AC15: 6 | AD15: 生命 | AE15: =AC15&AD15 -> 6生命 | AF15: 6 | AG15: 0.15 | AH15: 0.1 | AI15: 0.2 | AK15: 90 | AN15: 0.125 | AX15: =COUNTIF($AR15:$AW15,TRUE) -> 0 | AY15: =AX15>2 -> FALSE | AZ15: =AX15>5 -> FALSE
A16: 哈尼娅 | B16: =角色!B16 -> 魂 | C16: 固态 | D16: =角色!D16+VLOOKUP($V16,弧盘!$A$2:$C$51,弧盘!$B$1,FALSE) -> 1004.9 | E16: =角色!L16+VLOOKUP($V16,弧盘!$A$2:$AF$51,弧盘!$I$1,FALSE)+VLOOKUP($X16,卡带!$A$2:$V$14,卡带!$C$1,FALSE)+IF($AB16="攻击",中间!$M$7,0)+IF($AD16="攻击",$AF16*$AC16%,0)+AL16 -> 1 | F16: =AM16+角色!M16+中间!$L$20 -> 420 | G16: =D16*(1+E16)+F16 -> 2429.8 | H16: =角色!F16 -> 13695.6 | I16: =角色!N16+VLOOKUP($V16,弧盘!$A$2:$AF$51,弧盘!$J$1,FALSE)+VLOOKUP($X16,卡带!$A$2:$V$14,卡带!$D$1,FALSE)+IF($AB16="生命",中间!$M$8,0)+IF($AD16="生命",$AF16*$AC16%,0)+AN16 -> 0 | J16: =AO16+角色!O16+中间!$L$21 -> 5200 | K16: =H16*(1+I16)+J16 -> 18895.6 | L16: =角色!H16 -> 848.4 | M16: =角色!P16+VLOOKUP($V16,弧盘!$A$2:$AF$51,弧盘!$K$1,FALSE)+VLOOKUP($X16,卡带!$A$2:$V$14,卡带!$E$1,FALSE)+IF($AB16="防御",中间!$M$9,0)+IF($AD16="防御",$AF16*$AC16%,0)+AR16 -> 1 | N16: =AQ16+角色!Q16 -> 0 | O16: =L16*(1+M16)+N16 -> 1696.8 | P16: =角色!J16+VLOOKUP($V16,弧盘!$A$2:$AF$51,弧盘!$G$1,FALSE)+IF(AB16="暴击",中间!$M$3,0)+AH16+IF($AD16="暴击",$AC16%*$AF16,0) -> 0.15 | Q16: =角色!K16+VLOOKUP($V16,弧盘!$A$2:$AF$51,弧盘!$H$1,FALSE)+IF(AB16="暴伤",中间!$M$4,0)+IF($AD16="暴伤",$AC16%*$AF16,0)+AI16 -> 0.7 | R16: =角色!X16+VLOOKUP($X16,卡带!A$3:B$15,卡带!$B$1,FALSE)+IF(AB16="属伤",中间!$M$2,0)+IF($AD16="属伤",$AC16%*$AF16,0) -> 0 | S16: =角色!T16+VLOOKUP($V16,弧盘!$A$2:$AF$51,弧盘!$L$1,FALSE)+VLOOKUP($X16,卡带!A$3:F$15,卡带!$F$1,FALSE)+IF($AD16="充能",$AC16%*$AF16,0) -> 0.12 | T16: =角色!U16+VLOOKUP($V16,弧盘!$A$2:$AF$51,弧盘!M$1,FALSE)+VLOOKUP($X16,卡带!$A$2:$V$14,卡带!G$1,FALSE)+IF($AB16="精通",中间!$M$5,0)+IF($AD16="精通",$AC16%*$AF16,0)+AJ16 -> 0 | U16: =角色!V16+VLOOKUP($V16,弧盘!$A$2:$AF$51,弧盘!N$1,FALSE)+VLOOKUP($X16,卡带!$A$2:$V$14,卡带!H$1,FALSE)+IF($AB16="倾陷",中间!$M$6,0)+AK16 -> 270 | V16: 引爆全场 | W16: =IFERROR(VLOOKUP(V16,弧盘!$A$2:O65,弧盘!$O$1,FALSE),"") -> 12-32%魂伤 | X16: 音速蓝刺猬 | Y16: =IFERROR(VLOOKUP(X16,卡带!$A$2:$J$14,卡带!$J$1,FALSE),"") -> 12充能；Q后全队15%攻击，10秒 | Z16: 10 | AA16: =POWER(1.08,Z16-1+IF(AY16,1,0)) -> 2.158925 | AB16: 倾陷 | AC16: 10 | AD16: 攻击 | AE16: =AC16&AD16 -> 10攻击 | AF16: 6 | AG16: 0.15 | AH16: 0.1 | AI16: 0.2 | AK16: 90 | AL16: 0.125 | AR16: TRUE | AS16: TRUE | AT16: TRUE | AU16: TRUE | AV16: TRUE | AW16: TRUE | AX16: =COUNTIF($AR16:$AW16,TRUE) -> 6 | AY16: =AX16>2 -> TRUE | AZ16: =AX16>5 -> TRUE
A17: 哈索尔 | B17: =角色!B17 -> 相 | C17: 等离子 | D17: =角色!D17+VLOOKUP($V17,弧盘!$A$2:$C$51,弧盘!$B$1,FALSE) -> 1309.95 | E17: =角色!L17+VLOOKUP($V17,弧盘!$A$2:$AF$51,弧盘!$I$1,FALSE)+VLOOKUP($X17,卡带!$A$2:$V$14,卡带!$C$1,FALSE)+IF($AB17="攻击",中间!$M$7,0)+IF($AD17="攻击",$AF17*$AC17%,0)+AL17 -> 0.5875 | F17: =AM17+角色!M17+中间!$L$20 -> 420 | G17: =D17*(1+E17)+F17 -> 2499.5456 | H17: =角色!F17 -> 15998.4 | I17: =角色!N17+VLOOKUP($V17,弧盘!$A$2:$AF$51,弧盘!$J$1,FALSE)+VLOOKUP($X17,卡带!$A$2:$V$14,卡带!$D$1,FALSE)+IF($AB17="生命",中间!$M$8,0)+IF($AD17="生命",$AF17*$AC17%,0)+AN17 -> 0 | J17: =AO17+角色!O17+中间!$L$21 -> 5200 | K17: =H17*(1+I17)+J17 -> 21198.4 | L17: =角色!H17 -> 884.76 | M17: =角色!P17+VLOOKUP($V17,弧盘!$A$2:$AF$51,弧盘!$K$1,FALSE)+VLOOKUP($X17,卡带!$A$2:$V$14,卡带!$E$1,FALSE)+IF($AB17="防御",中间!$M$9,0)+IF($AD17="防御",$AF17*$AC17%,0)+AR17 -> 0 | N17: =AQ17+角色!Q17 -> 0 | O17: =L17*(1+M17)+N17 -> 884.76 | P17: =角色!J17+VLOOKUP($V17,弧盘!$A$2:$AF$51,弧盘!$G$1,FALSE)+IF(AB17="暴击",中间!$M$3,0)+AH17+IF($AD17="暴击",$AC17%*$AF17,0) -> 0.5 | Q17: =角色!K17+VLOOKUP($V17,弧盘!$A$2:$AF$51,弧盘!$H$1,FALSE)+IF(AB17="暴伤",中间!$M$4,0)+IF($AD17="暴伤",$AC17%*$AF17,0)+AI17 -> 1.04 | R17: =角色!X17+VLOOKUP($X17,卡带!A$3:B$15,卡带!$B$1,FALSE)+IF(AB17="属伤",中间!$M$2,0)+IF($AD17="属伤",$AC17%*$AF17,0) -> 0.1 | S17: =角色!T17+VLOOKUP($V17,弧盘!$A$2:$AF$51,弧盘!$L$1,FALSE)+VLOOKUP($X17,卡带!A$3:F$15,卡带!$F$1,FALSE)+IF($AD17="充能",$AC17%*$AF17,0) -> 0 | T17: =角色!U17+VLOOKUP($V17,弧盘!$A$2:$AF$51,弧盘!M$1,FALSE)+VLOOKUP($X17,卡带!$A$2:$V$14,卡带!G$1,FALSE)+IF($AB17="精通",中间!$M$5,0)+IF($AD17="精通",$AC17%*$AF17,0)+AJ17 -> 0 | U17: =角色!V17+VLOOKUP($V17,弧盘!$A$2:$AF$51,弧盘!N$1,FALSE)+VLOOKUP($X17,卡带!$A$2:$V$14,卡带!H$1,FALSE)+IF($AB17="倾陷",中间!$M$6,0)+AK17 -> 0 | V17: 焰魂狂飙 | W17: =IFERROR(VLOOKUP(V17,弧盘!$A$2:O65,弧盘!$O$1,FALSE),"") -> Q后22.5E伤，每次额外提升15 | X17: 街头拳王 | Y17: =IFERROR(VLOOKUP(X17,卡带!$A$2:$J$14,卡带!$J$1,FALSE),"") -> 10相伤；相反应28暴击，15秒 | Z17: 10 | AA17: =POWER(1.08,Z17-1+IF(AY17,1,0)) -> 1.9990046 | AB17: 暴击 | AC17: 10 | AD17: 攻击 | AE17: =AC17&AD17 -> 10攻击 | AF17: 4 | AG17: 0.15 | AH17: 0.15 | AI17: 0.3 | AL17: =15*1.25% -> 0.1875 | AX17: =COUNTIF($AR17:$AW17,TRUE) -> 0 | AY17: =AX17>2 -> FALSE | AZ17: =AX17>5 -> FALSE
A18: 翳 | B18: =角色!B18 -> 相 | C18: 气态 | D18: =角色!D18+VLOOKUP($V18,弧盘!$A$2:$C$51,弧盘!$B$1,FALSE) -> 1031.5 | E18: =角色!L18+VLOOKUP($V18,弧盘!$A$2:$AF$51,弧盘!$I$1,FALSE)+VLOOKUP($X18,卡带!$A$2:$V$14,卡带!$C$1,FALSE)+IF($AB18="攻击",中间!$M$7,0)+IF($AD18="攻击",$AF18*$AC18%,0)+AL18 -> 0.5875 | F18: =AM18+角色!M18+中间!$L$20 -> 420 | G18: =D18*(1+E18)+F18 -> 2057.5062 | H18: =角色!F18 -> 13332 | I18: =角色!N18+VLOOKUP($V18,弧盘!$A$2:$AF$51,弧盘!$J$1,FALSE)+VLOOKUP($X18,卡带!$A$2:$V$14,卡带!$D$1,FALSE)+IF($AB18="生命",中间!$M$8,0)+IF($AD18="生命",$AF18*$AC18%,0)+AN18 -> 0 | J18: =AO18+角色!O18+中间!$L$21 -> 5200 | K18: =H18*(1+I18)+J18 -> 18532 | L18: =角色!H18 -> 666.6 | M18: =角色!P18+VLOOKUP($V18,弧盘!$A$2:$AF$51,弧盘!$K$1,FALSE)+VLOOKUP($X18,卡带!$A$2:$V$14,卡带!$E$1,FALSE)+IF($AB18="防御",中间!$M$9,0)+IF($AD18="防御",$AF18*$AC18%,0)+AR18 -> 1 | N18: =AQ18+角色!Q18 -> 0 | O18: =L18*(1+M18)+N18 -> 1333.2 | P18: =角色!J18+VLOOKUP($V18,弧盘!$A$2:$AF$51,弧盘!$G$1,FALSE)+IF(AB18="暴击",中间!$M$3,0)+AH18+IF($AD18="暴击",$AC18%*$AF18,0) -> 0.6 | Q18: =角色!K18+VLOOKUP($V18,弧盘!$A$2:$AF$51,弧盘!$H$1,FALSE)+IF(AB18="暴伤",中间!$M$4,0)+IF($AD18="暴伤",$AC18%*$AF18,0)+AI18 -> 1.2 | R18: =角色!X18+VLOOKUP($X18,卡带!A$3:B$15,卡带!$B$1,FALSE)+IF(AB18="属伤",中间!$M$2,0)+IF($AD18="属伤",$AC18%*$AF18,0) -> 0.1 | S18: =角色!T18+VLOOKUP($V18,弧盘!$A$2:$AF$51,弧盘!$L$1,FALSE)+VLOOKUP($X18,卡带!A$3:F$15,卡带!$F$1,FALSE)+IF($AD18="充能",$AC18%*$AF18,0) -> 0 | T18: =角色!U18+VLOOKUP($V18,弧盘!$A$2:$AF$51,弧盘!M$1,FALSE)+VLOOKUP($X18,卡带!$A$2:$V$14,卡带!G$1,FALSE)+IF($AB18="精通",中间!$M$5,0)+IF($AD18="精通",$AC18%*$AF18,0)+AJ18 -> 0 | U18: =角色!V18+VLOOKUP($V18,弧盘!$A$2:$AF$51,弧盘!N$1,FALSE)+VLOOKUP($X18,卡带!$A$2:$V$14,卡带!H$1,FALSE)+IF($AB18="倾陷",中间!$M$6,0)+AK18 -> 0 | V18: 当心头顶 | W18: =IFERROR(VLOOKUP(V18,弧盘!$A$2:O66,弧盘!$O$1,FALSE),"") -> E后18%攻击力，相环合敌人下，额外18%相伤，持续15秒 | X18: 街头拳王 | Y18: =IFERROR(VLOOKUP(X18,卡带!$A$2:$J$14,卡带!$J$1,FALSE),"") -> 10相伤；相反应28暴击，15秒 | Z18: 10 | AA18: =POWER(1.08,Z18-1+IF(AY18,1,0)) -> 2.158925 | AB18: 暴击 | AC18: 10 | AD18: 攻击 | AE18: =AC18&AD18 -> 10攻击 | AF18: 4 | AG18: 0.15 | AH18: 0.15 | AI18: 0.3 | AL18: =15*1.25% -> 0.1875 | AR18: TRUE | AS18: TRUE | AT18: TRUE | AU18: TRUE | AV18: TRUE | AW18: TRUE | AX18: =COUNTIF($AR18:$AW18,TRUE) -> 6 | AY18: =AX18>2 -> TRUE | AZ18: =AX18>5 -> TRUE

Sheet 增益
A1: 增益 | B1: 易伤 | C1: 减防 | D1: 减抗 | E1: 攻击% | F1: 攻击 | G1: 生命% | H1: 生命 | I1: 防御% | J1: 防御 | K1: 精通 | L1: 倾陷效率 | M1: 充能效率 | N1: 充能分享 | O1: 增伤 | P1: 暴击 | Q1: 暴伤
A3: 小吱收集癖 | M3: 0.2 | N3: -0.6
A4: 主角E觉加攻 | E4: 0.1
A5: 娜娜莉E暴伤 | Q5: 0.3
A6: 哈索尔Q加攻 | E6: 0.9
A7: 哈尼娅Q期间 | O7: =IF(配装!AV16,30%,0) -> 0.3 | P7: =IF(配装!AT16,20%,0) -> 0.2
A8: 阿德勒Q后E | O8: =IF(配装!$AR$12,IF(配装!$AS$12,3%,2%)*20,0) -> 0.6
A9: 阿德勒6命Q后E | O9: =IF(配装!$AR$12,IF(配装!$AS$12,3%,2%)*20,0)+10% -> 0.7
A10: 薄荷C觉反应加攻 | E10: 0.15
A11: 薄荷F觉低血增伤 | O11: 0.15
A13: 主角6命全队加攻 | E13: 0.1
A14: 早雾DOT增伤 | B14: =25%*云配队!H13 -> 0
A15: 早雾天赋 | F15: =IF(配装!AU11,60%,30%)*配装!D11 -> 328.23
A16: 哈尼娅E | F16: =22%*配装!$D$16 -> 221.078
A17: 哈尼娅Q | F17: =22%*配装!$D$16 -> 221.078 | Q17: =IF(配装!AZ16,12%,0) -> 0.12
A18: 哈尼娅黯星 | F18: =16%*配装!$D$16 -> 160.784
A19: 阿德勒浊燃-平均 | D19: 0.0333 | L19: 0.0333
A20: 阿德勒6命咒伤 | O20: 0.1
A21: 翳D觉附着伤 | O21: 0.15
A22: 翳6命相抗 | D22: 0.06 | O22: 0.15
A24: 光套减防 | C24: 0.25
A25: 暗套二级减抗 | D25: 0.12
A26: 暗套环合减抗 | D26: 0.24
A27: 音速蓝刺猬 | E27: 0.15
A29: 好狗狗走四方基础 | E29: 0.1
A30: 好狗狗走四方控住 | E30: 0.16
A31: 引爆全场加攻 | E31: =(10%+18%)/2 -> 0.14
A32: 引爆全场最低 | E32: 0.1
A33: 挂心难加攻 | E33: 0.16
A34: 行进时间外开Q | C34: 0.12 | Q34: 0.45
A35: 预备备开Q普攻 | O35: =15%+IF(中间!$N$2,10%,0) -> 0.25
A36: 预备备开Q非普攻 | O36: =IF(中间!$N$2,10%,0) -> 0.1
A37: 焰魂狂飙1层 | O37: =22.5%+15%*1 -> 0.375
A38: 焰魂狂飙2层 | O38: =22.5%+15%*2 -> 0.525
A39: 漆黑青春妄想调弧 | O39: 0.2

Sheet 中间
A1: 伤害类型 | D1: 总伤害 | E1: 总倾陷 | F1: 总源质 | G1: 总环合 | H1: 动作占比 | K1: 主词条 | L1: 紫品质 | M1: 金品质 | N1: 对BOSS | O1: 反应 | P1: 增幅 | Q1: 系数 | S1: 额外标签 | T1: 选项 | U1: 参与反应 | V1: 增幅精通 | W1: 弱点 | X1: 反应
A2: 援护 | B2: 角色1 | C2: =云配队!AF4 -> 娜娜莉 | D2: =SUMIF(计算!$1:$1,"s",计算!4:4) -> 235058.87 | E2: =SUMIF(计算!$1:$1,"q",计算!4:4) -> 16.523 | F2: =SUMIF(计算!$1:$1,"y",计算!4:4) -> 76.3986 | G2: =SUMIF(计算!$1:$1,"h",计算!4:4) -> 86.5 | H2: =云配队!F4 -> 娜娜莉 | I2: 首角色动作贡献占比 | K2: 属伤 | L2: 0.3 | M2: 0.375 | N2: =云配队!G13="BOSS" -> TRUE | U2: 精通贡献 | V2: 全队最高 | X2: 光 | Y2: 灵 | Z2: 咒 | AA2: 暗 | AB2: 魂 | AC2: 相
A3: E | B3: 角色2 | C3: =云配队!AF5 -> 主角 | D3: =SUMIF(计算!$1:$1,"s",计算!5:5) -> 49667.023 | E3: =SUMIF(计算!$1:$1,"q",计算!5:5) -> 5.301167 | F3: =SUMIF(计算!$1:$1,"y",计算!5:5) -> 90.672534 | G3: =SUMIF(计算!$1:$1,"h",计算!5:5) -> 100 | H3: {=_xlfn._xlws.FILTER(动作!$B$4:$B$113,动作!$A$4:$A$113=H2)} -> 援护 | I3: =SUMIF(计算!$2:$2,H3,计算!$4:$4) -> 0 | K3: 暴击 | L3: 0.24 | M3: 0.3 | O3: 延滞 | S3: 心灵 | T3: TRUE | U3: 连携 | V3: =云配队!F4 -> 娜娜莉 | W3: 光 | Y3: 创生 | AC3: 延滞
A4: Q | B4: 角色3 | C4: =云配队!AF6 -> 阿德勒 | D4: =SUMIF(计算!$1:$1,"s",计算!6:6) -> 35076.199 | E4: =SUMIF(计算!$1:$1,"q",计算!6:6) -> 8.65 | F4: =SUMIF(计算!$1:$1,"y",计算!6:6) -> 70.3594 | G4: =SUMIF(计算!$1:$1,"h",计算!6:6) -> 20.1 | H4: C觉追击 | I4: =SUMIF(计算!$2:$2,H4,计算!$4:$4) -> 36331.326 | K4: 暴伤 | L4: 0.48 | M4: 0.6 | O4: 创生 | S4: 附着 | V4: =云配队!F5 -> 主角 | W4: 灵 | X4: 创生 | Z4: 赋纹
A5: 普攻 | B5: 角色4 | C5: =云配队!AF7 -> 九原 | D5: =SUMIF(计算!$1:$1,"s",计算!7:7) -> 122780.92 | E5: =SUMIF(计算!$1:$1,"q",计算!7:7) -> 5.4 | F5: =SUMIF(计算!$1:$1,"y",计算!7:7) -> 140.3594 | G5: =SUMIF(计算!$1:$1,"h",计算!7:7) -> 11.802 | H5: 天赋追击 | I5: =SUMIF(计算!$2:$2,H5,计算!$4:$4) -> 0 | K5: 精通 | L5: 144 | M5: 180 | O5: 赋纹 | P5: TRUE | Q5: 0.2 | S5: 追击 | V5: =云配队!F6 -> 阿德勒 | W5: 咒 | Y5: 赋纹 | AA5: 浊燃
A6: 闪反 | C6: 创生 | D6: =SUMIF(计算!$1:$1,"s",计算!27:27) -> 222831.55 | H6: 5a | I6: =SUMIF(计算!$2:$2,H6,计算!$4:$4) -> 61453.635 | K6: 倾陷 | L6: 144 | M6: 180 | O6: 浊燃 | S6: DOT | V6: =云配队!F7 -> 九原 | W6: 暗 | Z6: 浊燃 | AB6: 黯星
A7: 下落 | C7: 浊燃 | D7: =SUMIF(计算!$1:$1,"s",计算!28:28) -> 0 | H7: 5a副手 | I7: =SUMIF(计算!$2:$2,H7,计算!$4:$4) -> 18156.134 | K7: 攻击 | L7: 0.3 | M7: 0.375 | O7: 黯星 | W7: 魂 | AA7: 黯星 | AC7: 侵染
A8: 无 | C8: 黯星 | D8: =SUMIF(计算!$1:$1,"s",计算!29:29) -> 0 | H8: 3z | I8: =SUMIF(计算!$2:$2,H8,计算!$4:$4) -> 0 | K8: 生命 | L8: 0.3 | M8: 0.375 | O8: 侵染 | P8: TRUE | Q8: =Q5 -> 0.2 | W8: 相 | X8: 延滞 | AB8: 侵染
C9: 失谐 | E9: =COUNTIF(云配队!J11:AC11,"失谐")*云配队!H9*20% -> 0 | H9: 3z副手 | I9: =SUMIF(计算!$2:$2,H9,计算!$4:$4) -> 0 | K9: 防御 | L9: 0.42 | M9: 0.525 | O9: 盈蓄
D10: =SUM(D2:D9) -> 665414.56 | E10: =SUM(E2:E9) -> 35.874167 | H10: 闪反 | I10: =SUMIF(计算!$2:$2,H10,计算!$4:$4) -> 30669.127 | K10: 治疗 | L10: 0.276 | M10: 0.345 | O10: 失谐
C11: 总时间 | D11: =SUMIF(计算!$1:$1,"t",计算!8:8) -> 15.8 | H11: 闪反副手 | I11: =SUMIF(计算!$2:$2,H11,计算!$4:$4) -> 9430.186
H12: 下落 | I12: =SUMIF(计算!$2:$2,H12,计算!$4:$4) -> 0 | S12: 等级 | U12: 创生 | V12: 浊燃 | W12: 黯星 | X12: 倾陷
H13: 下落副手 | I13: =SUMIF(计算!$2:$2,H13,计算!$4:$4) -> 0 | S13: 5 | T13: =S13/5 -> 1 | U13: 80 | V13: 20 | W13: 400 | X13: 78
H14: e | I14: =SUMIF(计算!$2:$2,H14,计算!$4:$4) -> 29433.813 | S14: 10 | T14: =S14/5 -> 2 | U14: 120 | V14: 35 | W14: 600 | X14: 88
H15: e副手 | I15: =SUMIF(计算!$2:$2,H15,计算!$4:$4) -> 0 | S15: 15 | T15: =S15/5 -> 3 | U15: 200 | V15: 60 | W15: 1000 | X15: 98
H16: q | I16: =SUMIF(计算!$2:$2,H16,计算!$4:$4) -> 49584.653 | S16: 20 | T16: =S16/5 -> 4 | U16: 300 | V16: 90 | W16: 1500 | X16: 108
I17: =SUMIF(计算!$2:$2,H17,计算!$4:$4) -> 0 | S17: 25 | T17: =S17/5 -> 5 | U17: 400 | V17: 120 | W17: 2000 | X17: 149
H18: 水位线 | S18: 30 | T18: =S18/5 -> 6 | U18: 600 | V18: 180 | W18: 3000 | X18: 198
K19: 驱动块主词条 | S19: 35 | T19: =S19/5 -> 7 | U19: 800 | V19: 240 | W19: 4000 | X19: 266
K20: 小攻击 | L20: =21*20 -> 420 | S20: 40 | T20: =S20/5 -> 8 | U20: 1000 | V20: 300 | W20: 5000 | X20: 356
A21: 动作轴 | B21: =云配队!F4 -> 娜娜莉 | C21: =云配队!F5 -> 主角 | D21: =云配队!F6 -> 阿德勒 | E21: =云配队!F7 -> 九原 | K21: 小生命 | L21: =260*20 -> 5200 | S21: 45 | T21: =S21/5 -> 9 | U21: 1700 | V21: 510 | W21: 8500 | X21: 478
S22: 50 | T22: =S22/5 -> 10 | U22: 2200 | V22: 660 | W22: 11000 | X22: 657
B23: {=IFERROR(_xlfn._xlws.FILTER(动作!$B$4:$B$113,动作!$A$4:$A$113=B21),"")} -> 援护 | C23: {=IFERROR(_xlfn._xlws.FILTER(动作!$B$4:$B$113,动作!$A$4:$A$113=C21),"")} -> 援护 | D23: {=IFERROR(_xlfn._xlws.FILTER(动作!$B$4:$B$113,动作!$A$4:$A$113=D21),"")} -> 援护 | E23: {=IFERROR(_xlfn._xlws.FILTER(动作!$B$4:$B$113,动作!$A$4:$A$113=E21),"")} -> 援护 | F23: {=IFERROR(_xlfn._xlws.FILTER(动作!$B$4:$B$113,动作!$A$4:$A$113=F21),"")} | G23: {=IFERROR(_xlfn._xlws.FILTER(动作!$B$4:$B$113,动作!$A$4:$A$113=G21),"")} | S23: 55 | T23: =S23/5 -> 11 | U23: 3600 | V23: 1080 | W23: 18000 | X23: 851
B24: C觉追击 | C24: e | D24: e | E24: 6枪 | S24: 60 | T24: =S24/5 -> 12 | U24: 5000 | V24: 1500 | W24: 25000 | X24: 1108
B25: 天赋追击 | C25: e额外 | D25: dot10跳 | E25: dot | K25: 弧盘副属性1级是满级的40% | S25: 65 | T25: =S25/5 -> 13 | U25: 6000 | V25: 1800 | W25: 30000 | X25: 1459
B26: 5a | C26: q | D26: q | E26: 清算 | K26: 卡带副词条等价10个驱动格子 | S26: 70 | T26: =S26/5 -> 14 | U26: 7000 | V26: 2100 | W26: 35000 | X26: 1834
B27: 5a副手 | E27: q清算 | K27: 驱动块一个格子 | O27: 三测 | S27: 75 | T27: =S27/5 -> 15 | U27: 8000 | V27: 2400 | W27: 40000 | X27: 2296
B28: 3z | E28: e | K28: 主攻击19.25（38/58/77） | N28: 16.75 | O28: =21*20 -> 420 | S28: 80 | T28: =S28/5 -> 16 | U28: 9000 | V28: 2700 | W28: 45000 | X28: 2772
B29: 3z副手 | E29: q | K29: 主生命256 | N29: 224 | O29: =260*20 -> 5200
B30: 闪反
B31: 闪反副手 | K31: 小攻击防御6.5（13/19/26） | O31: 8
B32: 下落 | K32: 小生命82.3（165/247/330） | O32: 100
B33: 下落副手 | K33: 大防御1.4% | O33: 0.0175
B34: e | K34: 大攻击生命1% | O34: 0.0125
B35: e副手 | K35: 伤害/暴击0.8% | O35: 0.01
B36: q | K36: 暴伤1.6% | O36: 0.02
K37: 倾陷精通4.8（10/14/19） | O37: 6
B38: 水位线

Sheet 动作
A1: =COLUMN() -> 1 | B1: =COLUMN() -> 2 | C1: =COLUMN() -> 3 | D1: =COLUMN() -> 4 | E1: =COLUMN() -> 5 | F1: =COLUMN() -> 6 | G1: =COLUMN() -> 7 | H1: =COLUMN() -> 8 | ... S1: =COLUMN() -> 19
A2: 角色 | B2: 动作 | C2: 伤害类型 | D2: 额外标签 | E2: 攻击倍率 | F2: 生命倍率 | G2: 防御倍率 | H2: 伤害值 | I2: 合轴时间 | J2: 回能 | K2: 环合 | L2: 倾陷 | M2: 说明 | N2: 返还能量 | O2: 暴击 | P2: 暴伤 | Q2: 增伤 | R2: 减防 | S2: 减抗
A3: 无 | B3: 无 | C3: 无
A4: 主角 | B4: 援护 | C4: 援护 | E4: 200 | I4: 1.3 | J4: 7.7 | L4: 2.5
A5: 主角 | B5: e | C5: E | E5: 300 | I5: 0.2 | J5: 8.801 | K5: 100 | L5: 1.8 | N5: =IF(配装!AS3,8,0) -> 8
A6: 主角 | B6: e额外 | C6: E | E6: =IF(配装!AW3,300,200)/配装!AA3 -> 92.638698 | R6: =IF(配装!AR3,75%,0) -> 0
A7: 主角 | B7: q | C7: Q | E7: 500 | L7: 1.501 | O7: =IF(配装!AT3,50%,0) -> 0.5
A8: 浔 | B8: 援护 | C8: 援护 | E8: 200 | I8: 1.3 | J8: 9.5 | L8: 2.5
A9: 浔 | B9: e | C9: E | E9: 300 | J9: 7.097 | K9: 11.794 | L9: 1.396
A10: 浔 | B10: q | C10: Q | E10: =800+550*2+200*2 -> 2300 | L10: 1.5
A11: 小吱 | B11: 援护 | C11: 援护 | E11: 200 | I11: 1.3 | J11: 8.6 | L11: 2.5
A12: 小吱 | B12: 5a | C12: 普攻 | E12: 325.7 | I12: 3.5 | J12: 16.3 | K12: 27.098 | L12: 3.301
A13: 小吱 | B13: 蓄力 | C13: 普攻 | E13: =77.5*2 -> 155 | J13: 7.8 | K13: 12.9 | L13: 1.6
A14: 小吱 | B14: 分支 | C14: 普攻 | E14: =96*2 -> 192 | J14: 9.6 | K14: 16 | L14: 1.9
A15: 小吱 | B15: 闪反 | C15: 闪反 | E15: 90 | I15: 1.3 | J15: 4.027 | K15: 6.672 | L15: 2.85
A16: 小吱 | B16: e1 | C16: E | E16: 59 | H16: =16000*IF(配装!$AR$5,1.25,1) -> 20000 | I16: 0.7 | J16: 4.727 | K16: 7.772 | L16: 0.95 | M16: 环合显示5
A17: 小吱 | B17: e2 | C17: E | E17: 106.4 | H17: =16000*IF(配装!$AR$5,1.25,1) -> 20000 | J17: 5.3 | K17: 8.9 | L17: 1.1 | M17: 环合显示9
A18: 小吱 | B18: e3 | C18: E | E18: 153.7 | H18: =16000*IF(配装!$AR$5,1.25,1) -> 20000 | J18: 7.701 | K18: 12.799 | L18: 1.5 | M18: 环合显示13
A19: 小吱 | B19: 长e半 | C19: E | E19: =59+25*16+153.7 -> 612.7 | H19: =(16000+4*16000)*IF(配装!$AR$5,1.25,1) -> 100000 | I19: 4 | J19: =J16+J18 -> 12.428 | K19: =K16+K18 -> 20.571 | L19: =L16+L18 -> 2.45
A20: 小吱 | B20: 长e满 | C20: E | E20: =59+25*32+153.7 -> 1012.7 | H20: =(16000+4*32000)*IF(配装!$AR$5,1.25,1) -> 180000 | J20: =J19 -> 12.428 | K20: =K19 -> 20.571 | L20: =L19 -> 2.45
A21: 小吱 | B21: q内e2 | C21: E | E21: 106.4 | H21: =24000*IF(配装!$AR$5,1.25,1) -> 30000 | J21: 5.3 | K21: 8.9 | L21: 1.1
A22: 小吱 | B22: q内满e1 | C22: E | E22: 59 | H22: =32000*IF(配装!$AR$5,1.25,1) -> 40000 | I22: 0.7 | J22: 4.727 | K22: 7.772 | L22: 0.95
A23: 小吱 | B23: q内满e2 | C23: E | E23: 106.4 | H23: =32000*IF(配装!$AR$5,1.25,1) -> 40000 | J23: 5.3 | K23: 8.9 | L23: 1.1
A24: 小吱 | B24: q内满e3 | C24: E | E24: 153.7 | H24: =32000*IF(配装!$AR$5,1.25,1) -> 40000 | J24: 7.701 | K24: 12.799 | L24: 1.5
A25: 小吱 | B25: q | C25: Q | E25: 500 | L25: 1.5
A26: 埃德嘉 | B26: 援护 | C26: 援护 | E26: 200 | I26: 1.3 | J26: 3.6 | L26: 2.5
A27: 埃德嘉 | B27: e | C27: E | E27: =80*7 -> 560 | J27: 22.4 | K27: 37.303 | L27: 4.501
A28: 埃德嘉 | B28: q | C28: Q | E28: 400 | L28: 1.5
A29: 娜娜莉 | B29: 援护 | C29: 援护 | E29: 200 | I29: 1.3 | J29: 7 | L29: 2.5
A30: 娜娜莉 | B30: C觉追击 | C30: 普攻 | D30: 追击 | E30: 50
A31: 娜娜莉 | B31: 天赋追击 | C31: 普攻 | D31: 追击 | E31: =60/配装!$AA$7 -> 30.014938
A32: 娜娜莉 | B32: 5a | C32: 普攻 | E32: 432.2 | I32: 3.85 | J32: 16.599 | K32: 27.7 | L32: 3.299 | M32: 环合显示33
A33: 娜娜莉 | B33: 5a副手 | C33: 普攻 | D33: 追击 | E33: =330 -> 330 | Q33: =IF(配装!$AU$7,30%,0) -> 0
A34: 娜娜莉 | B34: 3z | C34: 普攻 | E34: 339.7 | I34: 3.35 | J34: 13.101 | K34: 21.801 | L34: 2.6
A35: 娜娜莉 | B35: 3z副手 | C35: 普攻 | D35: 追击 | E35: 284.4 | Q35: =IF(配装!$AU$7,30%,0) -> 0
A36: 娜娜莉 | B36: 闪反 | C36: 闪反 | E36: 166 | I36: 2.1 | J36: 4.2 | K36: 6.9 | L36: 2.5
A37: 娜娜莉 | B37: 闪反副手 | C37: 普攻 | D37: 追击 | E37: 85.7 | Q37: =IF(配装!$AU$7,30%,0) -> 0
A38: 娜娜莉 | B38: 下落 | C38: 下落 | E38: 50 | I38: 0.5 | J38: 2.5 | K38: 4.2 | L38: 0.5
A39: 娜娜莉 | B39: 下落副手 | C39: 普攻 | D39: 追击 | E39: 50 | Q39: =IF(配装!$AU$7,30%,0) -> 0
A40: 娜娜莉 | B40: e | C40: E | E40: 500 | J40: 6.3 | K40: 10.4 | L40: 1.3 | M40: 环合显示12
A41: 娜娜莉 | B41: e副手 | C41: 普攻 | D41: 追击 | E41: 120.2 | Q41: =IF(配装!$AU$7,30%,0) -> 0
A42: 娜娜莉 | B42: q | C42: Q | E42: 1000 | L42: 1.5
A43: 九原 | B43: 援护 | C43: 援护 | E43: 200 | I43: 1.3 | J43: 4.9 | L43: 2.5
A44: 九原 | B44: 6枪 | C44: 普攻 | E44: =33.3*6 -> 199.8 | I44: 0.3 | J44: 0 | K44: 0 | L44: 0
A45: 九原 | B45: dot | C45: 普攻 | D45: 附着 | E45: =IF(配装!AS8,2,1)*15 -> 30
A46: 九原 | B46: 清算 | C46: 普攻 | D46: 附着 | E46: 100 | N46: 40
A47: 九原 | B47: q清算 | C47: 普攻 | D47: 附着 | E47: 400 | N47: 40
A48: 九原 | B48: e | C48: E | E48: 300 | J48: 7.1 | K48: 11.802 | L48: 1.4
A49: 九原 | B49: q | C49: Q | E49: 600 | L49: 1.5
A50: 薄荷 | B50: 援护 | C50: 援护 | E50: 200 | I50: 1.3 | J50: 8.4 | L50: 2.5
A51: 薄荷 | B51: 5a | C51: 普攻 | E51: =33.5+17+60.3+18.4+77.8 -> 207 | J51: 11.499 | K51: 19.2 | L51: 2.301 | M51: 环合显示21
A52: 薄荷 | B52: 闪反 | C52: 闪反 | E52: 174 | J52: 4.4 | K52: 7.3 | L52: 2.5
A53: 薄荷 | B53: e | C53: E | E53: 180 | J53: 4.9 | K53: =8.2+IF(配装!$AZ$9,5,0) -> 13.2 | L53: 1 | M53: 环合显示5
A54: 薄荷 | B54: q | C54: Q | E54: 800 | L54: 1.5
A55: 白藏 | B55: 援护 | C55: 援护 | E55: 200 | I55: 1.3 | J55: 5 | L55: 2.5
A56: 白藏 | B56: 5a | C56: 普攻 | E56: 340.3 | I56: 3.6 | J56: 14.772 | K56: 24.676 | L56: 2.937
A57: 白藏 | B57: 3a | C57: 普攻 | E57: 163.5 | J57: 7.094 | K57: 11.851 | L57: 1.411
A58: 白藏 | B58: 长闪 | C58: 普攻 | E58: 103.5 | I58: 0.65 | J58: 3 | K58: 5 | L58: 0.6
A59: 白藏 | B59: 祝额外 | C59: 普攻 | E59: =60 -> 60
A60: 白藏 | B60: 闪反 | C60: 闪反 | E60: 144 | J60: 3.6 | K60: 6 | L60: 2.5
A61: 白藏 | B61: e | C61: E | E61: 120 | J61: 3.4 | K61: 5.6 | L61: 0.7
A62: 白藏 | B62: 单E | C62: E | E62: 420 | J62: 3.348 | K62: 5.6 | L62: 0.7
A63: 白藏 | B63: 单E额外 | C63: E | E63: =300 -> 300
A64: 白藏 | B64: 范E | C64: E | E64: 280 | J64: 3.4 | K64: 5.6 | L64: 0.7
A65: 白藏 | B65: 范E额外 | C65: E | E65: =200 -> 200
A66: 白藏 | B66: q | C66: Q | E66: =400 -> 400 | L66: 2.5
A67: 白藏 | B67: q的dot | C67: Q | D67: DOT | E67: =40*6 -> 240
A68: 早雾 | B68: 援护 | C68: 援护 | E68: 200 | I68: 1.3 | J68: 10.9 | L68: 2.5
A69: 早雾 | B69: e | C69: E | E69: 400 | J69: 9.3 | K69: 15.6 | L69: 1.9 | M69: 环合显示20
A70: 早雾 | B70: 长e | C70: E | E70: 400 | J70: 14.001 | K70: 23.4 | L70: 2.8 | N70: =IF(配装!AV11,IF(中间!N2,0,120),0) -> 0
A71: 早雾 | B71: q | C71: Q | E71: 900 | L71: 2.5
A72: 早雾 | B72: B觉额外 | C72: Q | E72: =600/配装!AA11 -> 300.14938
A73: 阿德勒 | B73: 援护 | C73: 援护 | E73: 200 | I73: 1.3 | J73: 6.1 | L73: 2.5
A74: 阿德勒 | B74: e | C74: E | G74: 210 | J74: 12 | K74: 20.1 | L74: 2.4
A75: 阿德勒 | B75: dot10跳 | C75: E | D75: DOT | G75: =20*10 -> 200
A76: 阿德勒 | B76: q | C76: Q | G76: =5*100 -> 500 | L76: =5*2.5 -> 12.5 | N76: =IF(配装!AV12,20,0) -> 20
A77: 安魂曲 | B77: 援护 | C77: 援护 | E77: 200 | I77: 1.3 | J77: 7.8 | L77: 2.5
A78: 安魂曲 | B78: 5a近 | C78: 普攻 | E78: 389.8 | J78: 19.501 | K78: 32.499 | L78: 3.898 | M78: 含一次爆炸
A79: 安魂曲 | B79: 5a远 | C79: 普攻 | E79: 433.6 | J79: 21.698 | K79: 36.102 | L79: 4.3
A80: 安魂曲 | B80: 切换 | C80: 普攻 | E80: 79 | J80: 4 | K80: 6.6 | L80: 0.8
A81: 安魂曲 | B81: 闪反 | C81: 闪反 | E81: 214 | J81: 5.398 | K81: 8.899 | L81: 2.498
A82: 安魂曲 | B82: dot | C82: 普攻 | D82: DOT | E82: =IF(配装!AR13,6,4) -> 4
A83: 安魂曲 | B83: e | C83: E | E83: 300 | J83: 6.4 | K83: 10.7 | L83: 1.3 | M83: 环合显示6
A84: 安魂曲 | B84: e2 | C84: E
A85: 安魂曲 | B85: q | C85: Q | E85: 1000 | L85: 2.5
A86: 达芙蒂尔 | B86: 援护 | C86: 援护 | E86: 200 | I86: 1.3 | J86: 5.6 | L86: 2.5
A87: 达芙蒂尔 | B87: 移行 | C87: 普攻 | E87: 467.9 | J87: 3.978 | K87: 6.613 | L87: 0.819
A88: 达芙蒂尔 | B88: 强化移行 | C88: 普攻 | E88: =467.9+300 -> 767.9 | J88: 3.978 | K88: 6.613 | L88: =0.819+2 -> 2.819
A89: 达芙蒂尔 | B89: e | C89: E | E89: 300 | J89: 6.099 | K89: 10.098 | L89: 1.202
A90: 达芙蒂尔 | B90: 1层e | C90: E | E90: =300*IF(配装!$AR$14,2,1.5) -> 450 | J90: 6.099 | K90: 10.098 | L90: 1.202
A91: 达芙蒂尔 | B91: 2层e | C91: E | E91: =300*IF(配装!$AR$14,3,2) -> 600 | J91: 6.101 | K91: 10.1 | L91: 1.199
A92: 达芙蒂尔 | B92: q | C92: Q | E92: 800 | L92: 2.501
A93: 法帝娅 | B93: 援护 | C93: 援护 | E93: 200 | I93: 1.3 | J93: 7.6 | L93: 2.5
A94: 法帝娅 | B94: e | C94: E | F94: 6.6 | J94: 4.595 | K94: 7.592 | L94: 0.899 | M94: 环合显示19
A95: 法帝娅 | B95: q | C95: Q | D95: 心灵 | F95: 15 | L95: 2.5
A96: 法帝娅 | B96: q后5a | C96: Q | D96: 心灵 | F96: 35.1 | J96: 18.898 | K96: 31.401 | L96: 3.799
A97: 哈尼娅 | B97: 援护 | C97: 援护 | E97: 200 | I97: 1.3 | J97: 5.9 | L97: 2.5
A98: 哈尼娅 | B98: e | C98: E | E98: 200 | J98: 3.6 | K98: 6 | L98: 0.7
A99: 哈尼娅 | B99: 后台 | C99: E | E99: =20 -> 20
A100: 哈尼娅 | B100: 强化后台 | C100: E | E100: =20+30+30 -> 80 | M100: 有20倍率可能是倍率拐
...

Sheet 角色
A1: =COLUMN() -> 1 | B1: =COLUMN() -> 2 | C1: =COLUMN() -> 3 | D1: =COLUMN() -> 4 | E1: =COLUMN() -> 5 | F1: =COLUMN() -> 6 | G1: =COLUMN() -> 7 | H1: =COLUMN() -> 8 | ... AH1: =COLUMN() -> 34
A2: 角色 | B2: 属性 | C2: 星级 | D2: 攻击 | E2: 1级攻击 | F2: 生命 | G2: 1级生命 | H2: 防御 | I2: 1级防御 | J2: 暴击 | K2: 暴伤 | L2: 攻击% | M2: 攻击 | N2: 生命% | O2: 生命 | P2: 防御% | Q2: 防御 | R2: 减防 | S2: 减抗 | T2: 充能 | U2: 精通 | V2: 倾陷强度 | W2: 全伤 | X2: 属伤 | Y2: 普攻伤 | Z2: E伤 | AA2: Q伤 | AB2: 心灵伤 | AC2: 附着伤 | AD2: 追击伤 | AE2: 失衡增伤 | AF2: 大招消耗 | AG2: E冷却 | AH2: Q冷却
A3: 主角 | B3: 光 | C3: S | D3: =E3*7.95 -> 675.75 | E3: 85 | F3: =G3*12.12 -> 15150 | G3: 1250 | H3: =I3*12.12 -> 909 | I3: 75 | J3: 0.05 | K3: 0.5 | W3: 0.25 | AA3: =25%+IF(配装!AU3,25%,0) -> 0.5 | AF3: 100 | AG3: 16 | AH3: 15
A4: 浔 | B4: 光 | C4: S | D4: =E4*7.95 -> 636 | E4: 80 | F4: =G4*12.12 -> 15998.4 | G4: 1320 | H4: =I4*12.12 -> 909 | I4: 75 | J4: 0.05 | K4: 0.5 | AF4: 0 | AG4: 10 | AH4: 20
A5: 小吱 | B5: 光 | C5: S | D5: =E5*7.95 -> 659.85 | E5: 83 | F5: =G5*12.12 -> 15513.6 | G5: 1280 | H5: =I5*12.12 -> 909 | I5: 75 | J5: 0.05 | K5: 0.5 | S5: =IF(配装!AZ5,10%,0) -> 0 | X5: =IF(配装!AW5,20%,0) -> 0.2 | AF5: 100 | AG5: 3 | AH5: 15
A6: 埃德嘉 | B6: 光 | C6: A | D6: =E6*7.95 -> 421.35 | E6: 53 | F6: =G6*12.12 -> 16362 | G6: 1350 | H6: =I6*12.12 -> 824.16 | I6: 68 | J6: 0.05 | K6: 0.5 | AF6: 100 | AG6: 16 | AH6: 20
A7: 娜娜莉 | B7: 灵 | C7: S | D7: =E7*7.95 -> 636 | E7: 80 | F7: =G7*12.12 -> 15998.4 | G7: 1320 | H7: =I7*12.12 -> 909 | I7: 75 | J7: 0.05 | K7: 0.5 | L7: =IF(配装!AV7,20%,0) -> 0 | W7: =IF(配装!AZ7,10%,0) -> 0 | AF7: 100 | AG7: 16 | AH7: 15
A8: 九原 | B8: 灵 | C8: S | D8: =E8*7.95 -> 651.9 | E8: 82 | F8: =G8*12.12 -> 15634.8 | G8: 1290 | H8: =I8*12.12 -> 909 | I8: 75 | J8: 0.05 | K8: 0.5 | AF8: 100 | AG8: 16 | AH8: 15
A9: 薄荷 | B9: 灵 | C9: A | D9: =E9*7.95 -> 596.25 | E9: 75 | F9: =G9*12.12 -> 12120 | G9: 1000 | H9: =I9*12.12 -> 727.2 | I9: 60 | J9: =5%+IF(配装!$AU$9,IF(中间!$N$2,12%,0),0) -> 0.17 | K9: =50%+IF(配装!$AV$9,25%,0) -> 0.75 | P9: 0.2 | Z9: =IF(配装!$AS$9,40%,0) -> 0.4 | AF9: 100 | AG9: 6 | AH9: 15
A10: 白藏 | B10: 咒 | C10: S | D10: =E10*7.95 -> 643.95 | E10: 81 | F10: =G10*12.12 -> 16604.4 | G10: 1370 | H10: =I10*12.12 -> 799.92 | I10: 66 | J10: 0.05 | K10: 0.5 | AF10: 120 | AG10: 14/14 | AH10: 20
A11: 早雾 | B11: 咒 | C11: S | D11: =E11*7.95 -> 620.1 | E11: 78 | F11: =G11*12.12 -> 16483.2 | G11: 1360 | H11: =I11*12.12 -> 909 | I11: 75 | J11: 0.05 | K11: 0.5 | W11: =IF(配装!AZ11,云配队!H13*3%,0) -> 0 | AF11: 120 | AG11: 16 | AH11: 20
A12: 阿德勒 | B12: 咒 | C12: A | D12: =E12*7.95 -> 437.25 | E12: 55 | F12: =G12*12.12 -> 14301.6 | G12: 1180 | H12: =I12*12.12 -> 993.84 | I12: 82 | J12: 0.05 | K12: 0.5 | AF12: 120 | AG12: 16 | AH12: 20
A13: 安魂曲 | B13: 暗 | C13: S | D13: =E13*7.95 -> 636 | E13: 80 | F13: =G13*12.12 -> 15998.4 | G13: 1320 | H13: =I13*12.12 -> 909 | I13: 75 | J13: 0.05 | K13: 0.5 | M13: 200 | R13: =IF(配装!AZ13,10%,0) -> 0 | W13: =IF(配装!AS13,15%,0) -> 0 | AF13: 120 | AG13: 16 | AH13: 15
A14: 达芙蒂尔 | B14: 暗 | C14: S | D14: =E14*7.95 -> 643.95 | E14: 81 | F14: =G14*12.12 -> 16180.2 | G14: 1335 | H14: =I14*12.12 -> 872.64 | I14: 72 | J14: 0.05 | K14: 0.5 | AF14: 120 | AG14: 16 | AH14: 20
A15: 法帝娅 | B15: 魂 | C15: S | D15: =E15*7.95 -> 596.25 | E15: 75 | F15: =G15*12.12 -> 17089.2 | G15: 1410 | H15: =I15*12.12 -> 909 | I15: 75 | J15: 0.05 | K15: 0.5 | AF15: 120 | AG15: 16 | AH15: 20
A16: 哈尼娅 | B16: 魂 | C16: A | D16: =E16*7.95 -> 492.9 | E16: 62 | F16: =G16*12.12 -> 13695.6 | G16: 1130 | H16: =I16*12.12 -> 848.4 | I16: 70 | J16: 0.05 | K16: 0.5 | AF16: 120 | AG16: =IF(配装!AW16,16,20) -> 16 | AH16: 20
A17: 哈索尔 | B17: 相 | C17: S | D17: =E17*7.95 -> 643.95 | E17: 81 | F17: =G17*12.12 -> 15998.4 | G17: 1320 | H17: =I17*12.12 -> 884.76 | I17: 73 | J17: 0.05 | K17: 0.5 | AF17: 100 | AG17: 16 | AH17: 15
A18: 翳 | B18: 相 | C18: A | D18: =E18*7.95 -> 556.5 | E18: 70 | F18: =G18*12.12 -> 13332 | G18: 1100 | H18: =I18*12.12 -> 666.6 | I18: 55 | J18: =5%+IF(配装!AS18,10%,0) -> 0.15 | K18: 0.5 | W18: =IF(配装!AT18,8%,0) -> 0.08 | AF18: 100 | AG18: 15 | AH18: 15

Sheet 天赋
A1: =COLUMN() -> 1 | B1: =COLUMN() -> 2 | C1: =COLUMN() -> 3 | D1: =COLUMN() -> 4 | E1: =COLUMN() -> 5 | F1: =COLUMN() -> 6 | G1: =COLUMN() -> 7 | H1: =COLUMN() -> 8 | I1: =COLUMN() -> 9
A2: 角色 | B2: 激活 | C2: 创生株数 | D2: 创生朵数 | E2: 浊燃增伤
A3: 主角 | B3: =ISNUMBER(MATCH(A3,云配队!$F$4:$F$7,0)) -> TRUE
A4: 浔 | B4: =ISNUMBER(MATCH(A4,云配队!$F$4:$F$7,0)) -> FALSE
A5: 小吱 | B5: =ISNUMBER(MATCH(A5,云配队!$F$4:$F$7,0)) -> FALSE
A6: 埃德嘉 | B6: =ISNUMBER(MATCH(A6,云配队!$F$4:$F$7,0)) -> FALSE
A7: 娜娜莉 | B7: =ISNUMBER(MATCH(A7,云配队!$F$4:$F$7,0)) -> TRUE | D7: 1
A8: 九原 | B8: =ISNUMBER(MATCH(A8,云配队!$F$4:$F$7,0)) -> TRUE | C8: 1
A9: 薄荷 | B9: =ISNUMBER(MATCH(A9,云配队!$F$4:$F$7,0)) -> FALSE
A10: 白藏 | B10: =ISNUMBER(MATCH(A10,云配队!$F$4:$F$7,0)) -> FALSE
A11: 早雾 | B11: =ISNUMBER(MATCH(A11,云配队!$F$4:$F$7,0)) -> FALSE | E11: =25%*云配队!H13 -> 0
A12: 阿德勒 | B12: =ISNUMBER(MATCH(A12,云配队!$F$4:$F$7,0)) -> TRUE
A13: 安魂曲 | B13: =ISNUMBER(MATCH(A13,云配队!$F$4:$F$7,0)) -> FALSE
A14: 达芙蒂尔 | B14: =ISNUMBER(MATCH(A14,云配队!$F$4:$F$7,0)) -> FALSE
A15: 法帝娅 | B15: =ISNUMBER(MATCH(A15,云配队!$F$4:$F$7,0)) -> FALSE
A16: 哈尼娅 | B16: =ISNUMBER(MATCH(A16,云配队!$F$4:$F$7,0)) -> FALSE
A17: 哈索尔 | B17: =ISNUMBER(MATCH(A17,云配队!$F$4:$F$7,0)) -> FALSE
A18: 翳 | B18: =ISNUMBER(MATCH(A18,云配队!$F$4:$F$7,0)) -> FALSE

Sheet 弧盘
A1: =COLUMN() -> 1 | B1: =COLUMN() -> 2 | C1: =COLUMN() -> 3 | D1: =COLUMN() -> 4 | E1: =COLUMN() -> 5 | F1: =COLUMN() -> 6 | G1: =COLUMN() -> 7 | H1: =COLUMN() -> 8 | ... AH1: =COLUMN() -> 34
A2: 弧盘 | B2: 80级攻击 | C2: 1级攻击 | D2: 星级 | E2: 获取 | F2: 适配 | G2: 暴击 | H2: 暴伤 | I2: 攻击 | J2: 生命 | K2: 防御 | L2: 充能 | M2: 精通 | N2: 倾陷强度 | O2: 详情 | P2: 暴击 | Q2: 暴伤 | R2: 攻击 | S2: 生命 | T2: 防御 | U2: 充能 | V2: 精通 | W2: 倾陷强度 | X2: 全伤 | Y2: 属伤 | Z2: 普攻增伤 | AA2: E增伤 | AB2: Q增伤 | AC2: 潜意增伤 | AD2: 附着增伤 | AE2: 追击增伤 | AF2: 失衡增伤 | AG2: 治疗效率 | AH2: 护盾强度
A3: 行进于时间之外 | B3: 570 | C3: 37 | D3: S | E3: 限定研募 | F3: 固态 | G3: 0.24 | O3: 16攻击；e后每秒q的45暴伤和12减防 | R3: 0.16
A4: 无畏之棉 | B4: 512 | C4: 33 | D4: S | E4: 大月卡 | F4: 固态 | G4: 0.22 | O4: Q后25攻击 | R4: 0.25
A5: 无畏之棉·满精 | B5: 512 | C5: 33 | D5: S | E5: 大月卡 | F5: 固态 | G5: 0.22 | O5: Q后45攻击 | R5: 0.45
A6: 千金难买你开心 | B6: 512 | C6: 33 | D6: S | E6: 许愿币 | F6: 固态 | K6: 0.385 | O6: 24生命；q后回复效果 | S6: 0.24
A7: 海特洛的安宁 | B7: 570 | C7: 37 | D7: S | E7: 通行正义 | F7: 固态 | I7: 0.275 | O7: 15攻击；对boss15增伤；调弧：协同30秒，CD60秒 | R7: 0.15 | X7: 0.15
A8: 休息日 | B8: 512 | C8: 33 | D8: S | E8: 日蚀 | F8: 固态 | L8: 0.33 | O8: 30攻击；调弧：对群回能 | R8: 0.3
A9: 现实避难所 | B9: 570 | C9: 37 | D9: S | E9: 斑蝶 | F9: 固态 | I9: 0.3 | O9: 15灵伤；10附着伤，q后改20附着伤 | Y9: 0.15 | AD9: 0.3
A10: 引爆全场 | B10: 512 | C10: 33 | D10: S | E10: 音霸魔王 | F10: 固态 | I10: 0.275 | O10: 12-32%魂伤 | Y10: 0.12
A11: 引爆全场外借 | B11: 512 | C11: 33 | D11: S | E11: 音霸魔王 | F11: 固态 | I11: 0.275
A12: 时间大盗 | B12: 475 | C12: 31 | D12: A | E12: 撬撬（未发现） | F12: 固态 | J12: 0.25 | O12: e后162倾陷，10s；调弧开锁 | W12: 162
A13: 被遗忘者 | B13: 475 | C13: 31 | D13: A | E13: 无画框&集市 | F13: 固态 | J13: 0.25 | O13: 36攻击；残血改36防御 | R13: 0.36
A14: 成功的第一步 | B14: 380 | C14: 24 | D14: B | E14: 集市 | F14: 固态 | I14: 0.2 | O14: e后16攻击，10s，cd20s | R14: 0.16
A15: 「最后一朵玫瑰」 | B15: 570 | C15: 37 | D15: S | E15: 限定研募 | F15: 液态 | G15: 0.24 | O15: 14攻击；叠层60暴伤；倾陷延时3s | Q15: 0.6 | R15: 0.14
A16: 极速之棉 | B16: 512 | C16: 33 | D16: S | E16: 大月卡 | F16: 液态 | H16: 0.44 | O16: 前台驻场每秒5攻击5层 | R16: =5%*5 -> 0.25
A17: 极速之棉·满精 | B17: 512 | C17: 33 | D17: S | E17: 大月卡 | F17: 液态 | H17: 0.44 | O17: 前台驻场每秒9攻击5层 | R17: 0.45
A18: 漆黑青春妄想 | B18: 570 | C18: 37 | D18: S | E18: 黑之书 | F18: 液态 | I18: 0.3 | O18: 60倾陷；调弧：20暗伤、倾陷200%倍率 | W18: 60
A19: 扭曲之城的呼唤 | B19: 395 | C19: 25 | D19: A | E19: 瓦楞城堡 | F19: 液态 | J19: 0.375 | O19: e后治疗效率20%
A20: 闪耀每一天 | B20: 475 | C20: 31 | D20: A | E20: 胶卷-MANISHI | F20: 液态 | I20: 0.25 | O20: 84倾陷强度；失衡增伤18% | W20: 84 | AF20: 0.18
A21: 灵感大逃杀 | B21: 555 | C21: 36 | D21: A | E21: 灵感终结者 | F21: 液态 | N21: 60 | O21: E后18能量，20秒cd
A22: 开始净空 | B22: 475 | C22: 31 | D22: A | E22: 纸翼战队&集市 | F22: 液态 | I22: 0.25 | O22: EQ35灵伤 | AA22: 0.35 | AB22: 0.35
A23: 电音狂欢 | B23: 380 | C23: 24 | D23: B | E23: 集市 | F23: 液态 | I23: 0.25 | O23: e伤16% | AA23: 0.16
A24: 灵敏之棉 | B24: 512 | C24: 33 | D24: S | E24: 大月卡 | F24: 气态 | I24: 0.275 | O24: 闪反8%增伤；3层10秒
A25: 灵敏之棉·满精 | B25: 512 | C25: 33 | D25: S | E25: 大月卡 | F25: 气态 | I25: 0.275 | O25: 闪反14.4%增伤；3层10秒
A26: 思考喵 | B26: 512 | C26: 33 | D26: S | E26: 都市大亨 | F26: 气态 | H26: 0.44 | O26: 100万方斯叠满25光伤 | Y26: 0.25
A27: 思考喵·满精 | B27: 512 | C27: 33 | D27: S | E27: 都市大亨 | F27: 气态 | H27: 0.44 | O27: 100万方斯叠满45光伤 | Y27: 0.45
A28: 面具下的泪 | B28: 512 | C28: 33 | D28: S | E28: 囿巢鸟 | F28: 气态 | I28: 0.275 | O28: Q命中敌人减攻
A29: 好狗狗走四方 | B29: 474 | C29: 31 | D29: S | E29: 墨菲克斯 | F29: 气态 | I29: 0.45 | O29: 18充能；Q后全队10%攻击，控住额外6%，20秒 | U29: 0.18
A30: 光波眩晕，迷走狂欢 | B30: 475 | C30: 31 | D30: A | E30: 波普 | F30: 气态 | I30: 0.25 | O30: 援护技后10秒内造成的伤害提高30%。20秒一次。 | X30: 0.3
A31: 当心头顶 | B31: 475 | C31: 31 | D31: A | E31: 诡面筝&集市 | F31: 气态 | H31: 0.4 | O31: E后18%攻击力，相环合敌人下，额外18%相伤，持续15秒 | R31: 0.18 | Y31: 0.18
A32: 挂你在心口难开 | B32: 475 | C32: 31 | D32: A | E32: 蜘识藏家 | F32: 气态 | N32: 48 | O32: 普攻叠8层后，Q后全队16攻击
A33: 笑口常开 | B33: 316 | C33: 31 | D33: B | E33: 集市 | F33: 气态 | J33: 0.3 | O33: 杀敌回血
A34: 预备备 | B34: 570 | C34: 37 | D34: S | E34: 限定研募 | F34: 等离子 | G34: 0.24 | O34: 15攻击；eq后普攻增伤15%，15秒2层；调弧(eq)：10对boss增伤，10秒 | R34: 0.15 | Z34: 0.15 | AB34: 0.1
A35: 不屈之绵 | B35: 512 | C35: 33 | D35: S | E35: 大月卡 | F35: 等离子 | I35: 0.275 | O35: 22增伤；半血下提升至28% | X35: 0.25
A36: 不屈之绵·满精 | B36: 512 | C36: 33 | D36: S | E36: 大月卡 | F36: 等离子 | I36: 0.275 | O36: 38增伤；半血下提升至52% | X36: 0.45
A37: 鲸之歌 | B37: 512 | C37: 33 | D37: S | E37: 深蓝之恸 | F37: 等离子 | I37: 0.275 | O37: 12%攻击，倾陷增伤12%
A38: 焰魂狂飙 | B38: 666 | C38: 43 | D38: S | E38: 无首铁驭 | F38: 等离子 | H38: 0.24 | O38: Q后22.5E伤，每次额外提升15
A39: 拔刀 | B39: 395 | C39: 25 | D39: A | E39: 血染妖刀&集市 | F39: 等离子 | I39: 0.375 | O39: 招架额外200%倍率咒伤
A40: 欧拉欧拉！ | B40: 395 | C40: 25 | D40: A | E40: 欧拉拳套 | F40: 等离子 | I40: 0.375 | O40: 叠层普伤3.6*10,10秒 | Z40: =36%*0.5 -> 0.18
A41: 「我们。」 | B41: 380 | C41: 24 | D41: B | E41: 集市 | F41: 等离子 | I41: 0.375 | O41: 普伤16% | Z41: 0.16
A42: 凶猛之棉 | B42: 512 | C42: 33 | D42: S | E42: 大月卡 | F42: 聚合 | I42: 0.275 | O42: 触发暴击，叠层40暴伤 | Q42: 0.4
A43: 凶猛之棉·满精 | B43: 512 | C43: 33 | D43: S | E43: 大月卡 | F43: 聚合 | I43: 0.275 | O43: 触发暴击，叠层72暴伤 | Q43: 0.72
A44: 茶花会 | B44: 666 | C44: 43 | D44: S | E44: 静默庭园 | F44: 聚合 | G44: 0.12 | O44: 扣血后12暴伤*4，5秒；调弧120倍率 | Q44: =12%*4 -> 0.48
A45: 永恒圆舞曲 | B45: 424 | C45: 31 | D45: S | E45: 阿拉克涅 | F45: 聚合 | J45: 0.4125 | O45: 25生命；Q后20潜意伤，10秒 | S45: 0.25 | AC45: 0.2
A46: 该死的邂逅 | B46: 475 | C46: 31 | D46: A | E46: 团三郎 | F46: 聚合 | N46: 120 | O46: 3同属性队，该属性126倾陷强度
A47: 愚者种春 | B47: 395 | C47: 25 | D47: A | E47: 夏刑草 | F47: 聚合 | K47: 0.525 | O47: 拥有护盾时加攻30% | R47: 0.3
A48: 良药苦口 | B48: 475 | C48: 31 | D48: A | E48: 苦蛋糕 | F48: 聚合 | J48: 0.25 | O48: 挨打46防御，持续10s，cd20s | T48: 0.46
A49: 勿忘伞 | B49: 395 | C49: 25 | D49: A | E49: 雨人&集市 | F49: 聚合 | K49: 0.525 | O49: 18生命；18护盾强度 | S49: 0.18 | AH49: 0.18
A50: 终有时 | B50: 475 | C50: 31 | D50: A | E50: 起潮洞天 | F50: 聚合 | G50: 0.2 | O50: 3异色18攻防生 | R50: 0.18 | S50: 0.18 | T50: 0.18
A51: 危险游戏 | B51: 380 | C51: 24 | D51: B | E51: 集市 | F51: 聚合 | G51: 0.2 | N51: 96 | O51: 84倾陷强度10s，cd20s | W51: 84

Sheet 卡带
A1: =COLUMN() -> 1 | B1: =COLUMN() -> 2 | C1: =COLUMN() -> 3 | D1: =COLUMN() -> 4 | E1: =COLUMN() -> 5 | F1: =COLUMN() -> 6 | G1: =COLUMN() -> 7 | H1: =COLUMN() -> 8 | ... V1: =COLUMN() -> 22
A2: 卡带 | B2: 增伤 | C2: 攻击 | D2: 生命 | E2: 防御 | F2: 充能 | G2: 精通 | H2: 倾陷强度 | I2: 心灵增伤 | J2: 详情 | K2: 减防 | L2: 减抗 | M2: 暴击 | N2: 暴伤 | O2: 攻击 | P2: 生命 | Q2: 全伤 | R2: 属伤 | S2: 普攻增伤 | T2: E增伤 | U2: Q增伤 | V2: 心灵增伤
A3: 失落光芒 | B3: 0.1 | J3: 10光伤；Q后20秒减防25
A4: 迪亚波罗斯 | B4: 0.1 | J4: 10暗伤；无视12抗性，触发暗反应后翻倍，20秒 | L4: 0.12
A5: 恶魔之血：诅咒 | B5: 0.1 | J5: 10魂伤；18增伤，处于魂反应翻倍 | Q5: 0.36
A6: 街头拳王 | B6: 0.1 | J6: 10相伤；相反应28暴击，15秒 | M6: 0.28
A7: 森林萤火之心 | B7: 0.1 | J7: 10灵伤；8暴伤*7，10秒 | N7: 0.56
A8: 真红：双生蝶 | B8: 0.1 | J8: 10咒伤；6攻击*6，10秒 | O8: =6%*6 -> 0.36
A9: 缇娅的夜间酒馆 | D9: 0.1 | J9: 10生命；20%治疗效率
A10: 守卫王国 | E10: 0.15 | J10: 15防御；20%护盾强效
A11: 音速蓝刺猬 | F11: 0.12 | J11: 12充能；Q后全队15%攻击，10秒
A12: 静谧山庄 | I12: 0.1 | J12: 10心灵；普攻叠心灵伤12*3，6秒 | V12: =12%*3 -> 0.36
A13: 影之信条 | C13: 0.1 | J13: 10攻击；E后25攻击，10秒 | O13: 0.25
A14: 小小大冒险 | D14: 0.1 | J14: 10生命；40%生命上限 | P14: 0.4

Sheet 计算
AK1: 1 | AW1: q | AX1: h | BA1: y | BK1: t | BL1: d | BM1: s | BN1: 2 | BZ1: q | CA1: h | CD1: y | CN1: t | CO1: d | CP1: s | CQ1: 3 | DC1: q | DD1: h | DG1: y | DQ1: t | DR1: d | DS1: s | DT1: 4 | EF1: q | EG1: h | EJ1: y | ET1: t | EU1: d | EV1: s | EW1: 5 | FI1: q | FJ1: h | FM1: y | FW1: t | FX1: d | FY1: s | FZ1: 6 | GL1: q | GM1: h | GP1: y | GZ1: t | HA1: d | HB1: s | HC1: 7 | HO1: q | HP1: h | HS1: y | IC1: t | ID1: d | IE1: s | IF1: 8 | IR1: q | IS1: h | IV1: y | JF1: t | JG1: d | JH1: s | JI1: 9 | JU1: q | JV1: h | JY1: y | KI1: t | KJ1: d | KK1: s | KL1: 10 | KX1: q | KY1: h | LB1: y | LL1: t | LM1: d | LN1: s | LO1: 11 | MA1: q | MB1: h | ME1: y | MO1: t | MP1: d | MQ1: s | MR1: 12 | ND1: q | NE1: h | NH1: y | NR1: t | NS1: d | NT1: s | NU1: 13 | OG1: q | OH1: h | OK1: y | OU1: t | OV1: d | OW1: s | OX1: 14 | PJ1: q | PK1: h | PN1: y | PX1: t | PY1: d | PZ1: s | QA1: 15 | QM1: q | QN1: h | QQ1: y | RA1: t | RB1: d | RC1: s | RD1: 16 | RP1: q | RQ1: h | RT1: y | SD1: t | SE1: d | SF1: s | SG1: 17 | SS1: q | ST1: h | SW1: y | TG1: t | TH1: d | TI1: s | TJ1: 18 | TV1: q | TW1: h | TZ1: y | UJ1: t | UK1: d | UL1: s | UM1: 19 | UY1: q | UZ1: h | VC1: y | VM1: t | VN1: d | VO1: s | VP1: 20 | WB1: q | WC1: h | WF1: y | WP1: t | WQ1: d | WR1: s
BM2: =AK4 -> 0 | CP2: =BN4 -> 0 | DS2: =CQ4 -> e | EV2: =DT4 -> q | FY2: =EW4 -> 5a | HB2: =FZ4 -> 5a副手 | IE2: =HC4 -> 闪反 | JH2: =IF4 -> 闪反副手 | KK2: =JI4 -> 0 | LN2: =KL4 -> 0 | MQ2: =LO4 -> 0 | NT2: =MR4 -> 0 | OW2: =NU4 -> 0 | PZ2: =OX4 -> 0 | RC2: =QA4 -> 0 | SF2: =RD4 -> 0 | TI2: =SG4 -> 0 | UL2: =TJ4 -> 0 | VO2: =UM4 -> C觉追击 | WR2: =VP4 -> 0
A3: 角色等级 | B3: 攻击系数 | C3: 怪物防御 | D3: 角色选择 | E3: 角色行号 | F3: 角色属性 | G3: 武器行号 | H3: 卡带行号 | I3: 基础攻击 | J3: 大攻击 | K3: 小攻击 | L3: 基础生命 | M3: 大生命 | N3: 小生命 | O3: 基础防御 | P3: 大防御 | Q3: 小防御 | R3: 暴击 | S3: 暴伤 | T3: 充能 | U3: 精通 | V3: 倾陷强度 | W3: 全伤 | X3: 属伤 | Y3: 普攻 | Z3: E | AA3: Q | AB3: 心灵增伤 | AC3: 附着增伤 | AD3: 追击增伤 | AE3: 失衡增伤 | AF3: 减防 | AG3: 减抗 | AH3: 技能等级 | AK3: 动作 | AL3: 动作行号 | AM3: 攻击 | AN3: 生命 | AO3: 防御 | AP3: 精通 | AQ3: 伤害类型 | AR3: 额外标签 | AS3: 攻击倍率 | AT3: 生命倍率 | AU3: 防御倍率 | AV3: 伤害值 | AW3: 倾陷 | AX3: 环合 | AY3: 回能 | AZ3: 能量返还 | BA3: 总回能 | BB3: 基础区 | BC3: 增伤区 | BD3: 暴击 | BE3: 暴伤 | BF3: 双暴区 | BG3: 抗性值 | BH3: 抗性区 | BI3: 减防 | BJ3: 防御区 | BK3: 时间 | BL3: 伤害 | BM3: 总伤害 | BN3: 动作 | BO3: 动作行号 | BP3: 攻击 | BQ3: 生命 | BR3: 防御 | BS3: 精通 | BT3: 伤害类型 | BU3: 额外标签 | BV3: 攻击倍率 | BW3: 生命倍率 | BX3: 防御倍率 | BY3: 伤害值 | BZ3: 倾陷 | CA3: 环合 | CB3: 回能 | CC3: 能量返还 | CD3: 总回能 | CE3: 基础区 | CF3: 增伤区 | CG3: 暴击 | CH3: 暴伤 | CI3: 双暴区 | CJ3: 抗性值 | CK3: 抗性区 | CL3: 减防 | CM3: 防御区 | CN3: 时间 | CO3: 伤害 | CP3: 总伤害 | CQ3: 动作 | CR3: 动作行号 | CS3: 攻击 | CT3: 生命 | CU3: 防御 | CV3: 精通 | CW3: 伤害类型 | CX3: 额外标签 | CY3: 攻击倍率 | CZ3: 生命倍率 | DA3: 防御倍率 | DB3: 伤害值 | DC3: 倾陷 | DD3: 环合 | DE3: 回能 | DF3: 能量返还 | DG3: 总回能 | DH3: 基础区 | DI3: 增伤区 | DJ3: 暴击 | DK3: 暴伤 | DL3: 双暴区 | DM3: 抗性值 | DN3: 抗性区 | DO3: 减防 | DP3: 防御区 | DQ3: 时间 | DR3: 伤害 | DS3: 总伤害 | DT3: 动作 | DU3: 动作行号 | DV3: 攻击 | DW3: 生命 | DX3: 防御 | DY3: 精通 | DZ3: 伤害类型 | EA3: 额外标签 | EB3: 攻击倍率 | EC3: 生命倍率 | ED3: 防御倍率 | EE3: 伤害值 | EF3: 倾陷 | EG3: 环合 | EH3: 回能 | EI3: 能量返还 | EJ3: 总回能 | EK3: 基础区 | EL3: 增伤区 | EM3: 暴击 | EN3: 暴伤 | EO3: 双暴区 | EP3: 抗性值 | EQ3: 抗性区 | ER3: 减防 | ES3: 防御区 | ET3: 时间 | EU3: 伤害 | EV3: 总伤害 | EW3: 动作 | EX3: 动作行号 | EY3: 攻击 | EZ3: 生命 | FA3: 防御 | FB3: 精通 | FC3: 伤害类型 | FD3: 额外标签 | FE3: 攻击倍率 | FF3: 生命倍率 | FG3: 防御倍率 | FH3: 伤害值 | FI3: 倾陷 | FJ3: 环合 | FK3: 回能 | FL3: 能量返还 | FM3: 总回能 | FN3: 基础区 | FO3: 增伤区 | FP3: 暴击 | FQ3: 暴伤 | FR3: 双暴区 | FS3: 抗性值 | FT3: 抗性区 | FU3: 减防 | FV3: 防御区 | FW3: 时间 | FX3: 伤害 | FY3: 总伤害 | FZ3: 动作 | GA3: 动作行号 | GB3: 攻击 | GC3: 生命 | GD3: 防御 | GE3: 精通 | GF3: 伤害类型 | GG3: 额外标签 | GH3: 攻击倍率 | GI3: 生命倍率 | GJ3: 防御倍率 | GK3: 伤害值 | GL3: 倾陷 | GM3: 环合 | GN3: 回能 | GO3: 能量返还 | GP3: 总回能 | GQ3: 基础区 | GR3: 增伤区 | GS3: 暴击 | GT3: 暴伤 | GU3: 双暴区 | GV3: 抗性值 | GW3: 抗性区 | GX3: 减防 | GY3: 防御区 | GZ3: 时间 | HA3: 伤害 | HB3: 总伤害 | HC3: 动作 | HD3: 动作行号 | HE3: 攻击 | HF3: 生命 | HG3: 防御 | HH3: 精通 | HI3: 伤害类型 | HJ3: 额外标签 | HK3: 攻击倍率 | HL3: 生命倍率 | HM3: 防御倍率 | HN3: 伤害值 | HO3: 倾陷 | HP3: 环合 | HQ3: 回能 | HR3: 能量返还 | HS3: 总回能 | HT3: 基础区 | HU3: 增伤区 | HV3: 暴击 | HW3: 暴伤 | HX3: 双暴区 | HY3: 抗性值 | HZ3: 抗性区 | IA3: 减防 | IB3: 防御区 | IC3: 时间 | ID3: 伤害 | IE3: 总伤害 | IF3: 动作 | IG3: 动作行号 | IH3: 攻击 | II3: 生命 | IJ3: 防御 | IK3: 精通 | IL3: 伤害类型 | IM3: 额外标签 | IN3: 攻击倍率 | IO3: 生命倍率 | IP3: 防御倍率 | IQ3: 伤害值 | IR3: 倾陷 | IS3: 环合 | IT3: 回能 | IU3: 能量返还 | IV3: 总回能 | IW3: 基础区 | IX3: 增伤区 | IY3: 暴击 | IZ3: 暴伤 | JA3: 双暴区 | JB3: 抗性值 | JC3: 抗性区 | JD3: 减防 | JE3: 防御区 | JF3: 时间 | JG3: 伤害 | JH3: 总伤害 | JI3: 动作 | JJ3: 动作行号 | JK3: 攻击 | JL3: 生命 | JM3: 防御 | JN3: 精通 | JO3: 伤害类型 | JP3: 额外标签 | JQ3: 攻击倍率 | JR3: 生命倍率 | JS3: 防御倍率 | JT3: 伤害值 | JU3: 倾陷 | JV3: 环合 | JW3: 回能 | JX3: 能量返还 | JY3: 总回能 | JZ3: 基础区 | KA3: 增伤区 | KB3: 暴击 | KC3: 暴伤 | KD3: 双暴区 | KE3: 抗性值 | KF3: 抗性区 | KG3: 减防 | KH3: 防御区 | KI3: 时间 | KJ3: 伤害 | KK3: 总伤害 | KL3: 动作 | KM3: 动作行号 | KN3: 攻击 | KO3: 生命 | KP3: 防御 | KQ3: 精通 | KR3: 伤害类型 | KS3: 额外标签 | KT3: 攻击倍率 | KU3: 生命倍率 | KV3: 防御倍率 | KW3: 伤害值 | KX3: 倾陷 | KY3: 环合 | KZ3: 回能 | LA3: 能量返还 | LB3: 总回能 | LC3: 基础区 | LD3: 增伤区 | LE3: 暴击 | LF3: 暴伤 | LG3: 双暴区 | LH3: 抗性值 | LI3: 抗性区 | LJ3: 减防 | LK3: 防御区 | LL3: 时间 | LM3: 伤害 | LN3: 总伤害 | LO3: 动作 | LP3: 动作行号 | LQ3: 攻击 | LR3: 生命 | LS3: 防御 | LT3: 精通 | LU3: 伤害类型 | LV3: 额外标签 | LW3: 攻击倍率 | LX3: 生命倍率 | LY3: 防御倍率 | LZ3: 伤害值 | MA3: 倾陷 | MB3: 环合 | MC3: 回能 | MD3: 能量返还 | ME3: 总回能 | MF3: 基础区 | MG3: 增伤区 | MH3: 暴击 | MI3: 暴伤 | MJ3: 双暴区 | MK3: 抗性值 | ML3: 抗性区 | MM3: 减防 | MN3: 防御区 | MO3: 时间 | MP3: 伤害 | MQ3: 总伤害 | MR3: 动作 | MS3: 动作行号 | MT3: 攻击 | MU3: 生命 | MV3: 防御 | MW3: 精通 | MX3: 伤害类型 | MY3: 额外标签 | MZ3: 攻击倍率 | NA3: 生命倍率 | NB3: 防御倍率 | NC3: 伤害值 | ND3: 倾陷 | NE3: 环合 | NF3: 回能 | NG3: 能量返还 | NH3: 总回能 | NI3: 基础区 | NJ3: 增伤区 | NK3: 暴击 | NL3: 暴伤 | NM3: 双暴区 | NN3: 抗性值 | NO3: 抗性区 | NP3: 减防 | NQ3: 防御区 | NR3: 时间 | NS3: 伤害 | NT3: 总伤害 | NU3: 动作 | NV3: 动作行号 | NW3: 攻击 | NX3: 生命 | NY3: 防御 | NZ3: 精通 | OA3: 伤害类型 | OB3: 额外标签 | OC3: 攻击倍率 | OD3: 生命倍率 | OE3: 防御倍率 | OF3: 伤害值 | OG3: 倾陷 | OH3: 环合 | OI3: 回能 | OJ3: 能量返还 | OK3: 总回能 | OL3: 基础区 | OM3: 增伤区 | ON3: 暴击 | OO3: 暴伤 | OP3: 双暴区 | OQ3: 抗性值 | OR3: 抗性区 | OS3: 减防 | OT3: 防御区 | OU3: 时间 | OV3: 伤害 | OW3: 总伤害 | OX3: 动作 | OY3: 动作行号 | OZ3: 攻击 | PA3: 生命 | PB3: 防御 | PC3: 精通 | PD3: 伤害类型 | PE3: 额外标签 | PF3: 攻击倍率 | PG3: 生命倍率 | PH3: 防御倍率 | PI3: 伤害值 | PJ3: 倾陷 | PK3: 环合 | PL3: 回能 | PM3: 能量返还 | PN3: 总回能 | PO3: 基础区 | PP3: 增伤区 | PQ3: 暴击 | PR3: 暴伤 | PS3: 双暴区 | PT3: 抗性值 | PU3: 抗性区 | PV3: 减防 | PW3: 防御区 | PX3: 时间 | PY3: 伤害 | PZ3: 总伤害 | QA3: 动作 | QB3: 动作行号 | QC3: 攻击 | QD3: 生命 | QE3: 防御 | QF3: 精通 | QG3: 伤害类型 | QH3: 额外标签 | QI3: 攻击倍率 | QJ3: 生命倍率 | QK3: 防御倍率 | QL3: 伤害值 | QM3: 倾陷 | QN3: 环合 | QO3: 回能 | QP3: 能量返还 | QQ3: 总回能 | QR3: 基础区 | QS3: 增伤区 | QT3: 暴击 | QU3: 暴伤 | QV3: 双暴区 | QW3: 抗性值 | QX3: 抗性区 | QY3: 减防 | QZ3: 防御区 | RA3: 时间 | RB3: 伤害 | RC3: 总伤害 | RD3: 动作 | RE3: 动作行号 | RF3: 攻击 | RG3: 生命 | RH3: 防御 | RI3: 精通 | RJ3: 伤害类型 | RK3: 额外标签 | RL3: 攻击倍率 | RM3: 生命倍率 | RN3: 防御倍率 | RO3: 伤害值 | RP3: 倾陷 | RQ3: 环合 | RR3: 回能 | RS3: 能量返还 | RT3: 总回能 | RU3: 基础区 | RV3: 增伤区 | RW3: 暴击 | RX3: 暴伤 | RY3: 双暴区 | RZ3: 抗性值 | SA3: 抗性区 | SB3: 减防 | SC3: 防御区 | SD3: 时间 | SE3: 伤害 | SF3: 总伤害 | SG3: 动作 | SH3: 动作行号 | SI3: 攻击 | SJ3: 生命 | SK3: 防御 | SL3: 精通 | SM3: 伤害类型 | SN3: 额外标签 | SO3: 攻击倍率 | SP3: 生命倍率 | SQ3: 防御倍率 | SR3: 伤害值 | SS3: 倾陷 | ST3: 环合 | SU3: 回能 | SV3: 能量返还 | SW3: 总回能 | SX3: 基础区 | SY3: 增伤区 | SZ3: 暴击 | TA3: 暴伤 | TB3: 双暴区 | TC3: 抗性值 | TD3: 抗性区 | TE3: 减防 | TF3: 防御区 | TG3: 时间 | TH3: 伤害 | TI3: 总伤害 | TJ3: 动作 | TK3: 动作行号 | TL3: 攻击 | TM3: 生命 | TN3: 防御 | TO3: 精通 | TP3: 伤害类型 | TQ3: 额外标签 | TR3: 攻击倍率 | TS3: 生命倍率 | TT3: 防御倍率 | TU3: 伤害值 | TV3: 倾陷 | TW3: 环合 | TX3: 回能 | TY3: 能量返还 | TZ3: 总回能 | UA3: 基础区 | UB3: 增伤区 | UC3: 暴击 | UD3: 暴伤 | UE3: 双暴区 | UF3: 抗性值 | UG3: 抗性区 | UH3: 减防 | UI3: 防御区 | UJ3: 时间 | UK3: 伤害 | UL3: 总伤害 | UM3: 动作 | UN3: 动作行号 | UO3: 攻击 | UP3: 生命 | UQ3: 防御 | UR3: 精通 | US3: 伤害类型 | UT3: 额外标签 | UU3: 攻击倍率 | UV3: 生命倍率 | UW3: 防御倍率 | UX3: 伤害值 | UY3: 倾陷 | UZ3: 环合 | VA3: 回能 | VB3: 能量返还 | VC3: 总回能 | VD3: 基础区 | VE3: 增伤区 | VF3: 暴击 | VG3: 暴伤 | VH3: 双暴区 | VI3: 抗性值 | VJ3: 抗性区 | VK3: 减防 | VL3: 防御区 | VM3: 时间 | VN3: 伤害 | VO3: 总伤害 | VP3: 动作 | VQ3: 动作行号 | VR3: 攻击 | VS3: 生命 | VT3: 防御 | VU3: 精通 | VV3: 伤害类型 | VW3: 额外标签 | VX3: 攻击倍率 | VY3: 生命倍率 | VZ3: 防御倍率 | WA3: 伤害值 | WB3: 倾陷 | WC3: 环合 | WD3: 回能 | WE3: 能量返还 | WF3: 总回能 | WG3: 基础区 | WH3: 增伤区 | WI3: 暴击 | WJ3: 暴伤 | WK3: 双暴区 | WL3: 抗性值 | WM3: 抗性区 | WN3: 减防 | WO3: 防御区 | WP3: 时间 | WQ3: 伤害 | WR3: 总伤害
A4: =云配队!$F$9 -> 80 | B4: =6*A4+600 -> 1080 | C4: =6*A6+600 -> 1092 | D4: =云配队!F4 -> 娜娜莉 | E4: =MATCH($D4,角色!$A$3:$A$18,0) -> 5 | F4: =VLOOKUP($D4,配装!$A$3:$B$18,2,FALSE) -> 灵 | G4: =MATCH(云配队!G4,弧盘!$A$3:$A$51,0) -> 32 | H4: =MATCH(云配队!H4,卡带!$A$3:$A$14,0) -> 5 | I4: {=INDEX(配装!D$3:D$18,$E4)} -> 1206 | J4: {=INDEX(配装!E$3:E$18,$E4)+INDEX(弧盘!$R$3:$R$51,G4)+INDEX(卡带!$O$3:$O$14,H4)} -> 0.3375 | K4: {=INDEX(配装!F$3:F$18,$E4)} -> 420 | L4: {=INDEX(配装!H$3:H$18,$E4)} -> 15998.4 | M4: {=INDEX(配装!I$3:I$18,$E4)} -> 0 | N4: {=INDEX(配装!J$3:J$18,$E4)} -> 5200 | O4: {=INDEX(配装!L$3:L$18,$E4)} -> 909 | P4: {=INDEX(配装!M$3:M$18,$E4)} -> 0 | Q4: {=INDEX(配装!N$3:N$18,$E4)} -> 0 | R4: {=INDEX(配装!P$3:P$18,$E4)+INDEX(弧盘!P$3:P$51,$G4)+INDEX(卡带!M$3:M$14,$H4)} -> 0.69 | S4: {=INDEX(配装!Q$3:Q$18,$E4)+INDEX(弧盘!Q$3:Q$51,$G4)+INDEX(卡带!N$3:N$14,$H4)} -> 1.36 | T4: {=INDEX(配装!S$3:S$18,$E4)} -> 0 | U4: {=INDEX(配装!T$3:T$18,$E4)+INDEX(弧盘!V$3:V$51,$G4)} -> 0 | V4: {=INDEX(配装!U$3:U$18,$E4)+INDEX(弧盘!W$3:W$51,$G4)+IF(T10>=3,126,0)} -> 0 | W4: {=INDEX(角色!W$3:W$18,$E4)+INDEX(弧盘!X$3:X$51,$G4)+INDEX(卡带!Q$3:Q$15,$H4)+INDEX(配装!$AG$3:$AG$18,$E4)} -> 0.15 | X4: {=INDEX(配装!$R$3:$R$18,E4)+INDEX(弧盘!Y$3:Y$51,$G4)+INDEX(卡带!R$3:R$15,$H4)} -> 0.475 | Y4: {=INDEX(角色!Y$3:Y$18,$E4)+INDEX(弧盘!Z$3:Z$51,$G4)+INDEX(卡带!S$3:S$15,$H4)} -> 0.15 | Z4: {=INDEX(角色!Z$3:Z$18,$E4)+INDEX(弧盘!AA$3:AA$51,$G4)+INDEX(卡带!T$3:T$15,$H4)} -> 0 | AA4: {=INDEX(角色!AA$3:AA$18,$E4)+INDEX(弧盘!AB$3:AB$51,$G4)+INDEX(卡带!U$3:U$15,$H4)} -> 0.1 | AB4: {=INDEX(角色!AB$3:AB$18,$E4)+INDEX(弧盘!AC$3:AC$51,$G4)+INDEX(卡带!V$3:V$15,$H4)+INDEX(卡带!$I$3:$I$14,$H$4)} -> 0 | AC4: {=INDEX(角色!AC$3:AC$18,$E4)+INDEX(弧盘!AD$3:AD$51,$G4)} -> 0 | AD4: {=INDEX(角色!AD$3:AD$18,$E4)+INDEX(弧盘!AE$3:AE$51,$G4)} -> 0 | AE4: {=INDEX(角色!AE$3:AE$18,$E4)+INDEX(弧盘!AF$3:AF$51,$G4)} -> 0 | AF4: {=INDEX(角色!R$3:R$18,$E4)+INDEX(卡带!K$3:K$14,$H4)} -> 0 | AG4: {=INDEX(角色!S$3:S$18,$E4)+INDEX(卡带!L$3:L$14,$H4)} -> 0 | AH4: {=INDEX(配装!$AA$3:$AA$18,E4)} -> 1.9990046 | AK4: {=INDEX(云配队!$J4:$AC4,1,AK$1)} -> 0 | AL4: {=IFERROR(MATCH(1,(动作!$A$3:$A$111=$D4)*EXACT(动作!$B$3:$B$111,AK4),0),1)} -> 1 | AM4: =$I4*(1+$J4+AM$25)+$K4+AN$25 -> 2123.475 | AN4: =$L4*(1+$M4+AO$25)+$N4+AP$25 -> 21198.4 | AO4: =$O4*(1+$P4+AQ$25)+$Q4+AR$25 -> 909 | AP4: =$U4+AS$25 -> 0 | AQ4: {=INDEX(动作!$C$3:$C$113,AL4)} -> 无 | AR4: {=INDEX(动作!$D$3:$D$113,AL4)} -> 0 | AS4: {=INDEX(动作!$E$3:$E$113,AL4)*$AH4} -> 0 | AT4: {=INDEX(动作!$F$3:$F$113,AL4)*$AH4} -> 0 | AU4: {=INDEX(动作!$G$3:$G$113,AL4)*$AH4} -> 0 | AV4: {=INDEX(动作!$H$3:$H$113,AL4)} -> 0 | AW4: {=INDEX(动作!$L$3:$L$113,AL4)*(1+AT$25)*AK$8} -> 0 | AX4: {=INDEX(动作!$K$3:$K$113,AL4)*AK$8} -> 0 | AY4: {=INDEX(动作!$J$3:$J$113,AL4)*AK$8} -> 0 | AZ4: {=INDEX(动作!$N$3:$N$113,AL4)*AK$8} -> 0 | BA4: =(SUM(AY$4:AY$7)*(0.6+AV$25)+AY4*(0.4-AV$25))*(1+$T4+AU$25)+AZ4 -> 5.2806 | BB4: =AM4*AS4%+AN4*AT4%+AO4*AU4%+AV4 -> 0 | BC4: =IFERROR(OFFSET($X4,0,MATCH(AQ4,$Y$3:$AA$3,0)),0)+IF(AR4="心灵",$AB4,$X4)+IF(AR4="附着",$AC4,0)+IF(AR4="追击",$AD4,0)+BC$25+$W4+IF(AK$28,$AE$4,0)+AY9 -> 0.625 | BD4: =IF(AR4="DOT",50%,MIN($R4+BD$25+AW9,1)) -> 0.69 | BE4: =$S4+BE$25+AX9 -> 1.36 | BF4: =1+BD4*BE4 -> 1.9384 | BG4: =1-$B$6+BG$25+IF($C$6=$F4,$C$8,0)+$AG4+BA9 -> 0.8 | BH4: =IF(BG4<1,BG4,(BG4-1)*0.925+1) -> 0.8 | BI4: =MIN($AF4+BI$25+AZ9,1) -> 0.1675 | BJ4: =IF(AR4="心灵",1,$B$4/($B$4+$C$4*(1-BI4))) -> 0.54296186 | BK4: {=INDEX(动作!$I$3:$I$113,AL4)} -> 0 | BL4: =BB4*(1+BC4)*BF4*BH4*BJ4*BC$28*(1+BJ$25) -> 0 | BM4: =BL4*AK$8 -> 0 | BN4: {=INDEX(云配队!$J4:$AC4,1,BN$1)} -> 0 | BO4: {=IFERROR(MATCH(1,(动作!$A$3:$A$111=$D4)*EXACT(动作!$B$3:$B$111,BN4),0),1)} -> 1 | BP4: =$I4*(1+$J4+BP$25)+$K4+BQ$25 -> 2123.475 | BQ4: =$L4*(1+$M4+BR$25)+$N4+BS$25 -> 21198.4 | BR4: =$O4*(1+$P4+BT$25)+$Q4+BU$25 -> 909 | BS4: =$U4+BV$25 -> 0 | BT4: {=INDEX(动作!$C$3:$C$113,BO4)} -> 无 | BU4: {=INDEX(动作!$D$3:$D$113,BO4)} -> 0 | BV4: {=INDEX(动作!$E$3:$E$113,BO4)*$AH4} -> 0 | BW4: {=INDEX(动作!$F$3:$F$113,BO4)*$AH4} -> 0 | BX4: {=INDEX(动作!$G$3:$G$113,BO4)*$AH4} -> 0 | BY4: {=INDEX(动作!$H$3:$H$113,BO4)} -> 0 | BZ4: {=INDEX(动作!$L$3:$L$113,BO4)*(1+BW$25)*BN$8} -> 0 | CA4: {=INDEX(动作!$K$3:$K$113,BO4)*BN$8} -> 0 | CB4: {=INDEX(动作!$J$3:$J$113,BO4)*BN$8} -> 0 | CC4: {=INDEX(动作!$N$3:$N$113,BO4)*BN$8} -> 0 | CD4: =(SUM(CB$4:CB$7)*(0.6+BY$25)+CB4*(0.4-BY$25))*(1+$T4+BX$25)+CC4 -> 0 | CE4: =BP4*BV4%+BQ4*BW4%+BR4*BX4%+BY4 -> 0 | CF4: =IFERROR(OFFSET($X4,0,MATCH(BT4,$Y$3:$AA$3,0)),0)+IF(BU4="心灵",$AB4,$X4)+IF(BU4="附着",$AC4,0)+IF(BU4="追击",$AD4,0)+CF$25+$W4+IF(BN$28,$AE$4,0)+CB9 -> 0.625 | CG4: =IF(BU4="DOT",50%,MIN($R4+CG$25+BZ9,1)) -> 0.69 | CH4: =$S4+CH$25+CA9 -> 1.36 | CI4: =1+CG4*CH4 -> 1.9384 | CJ4: =1-$B$6+CJ$25+IF($C$6=$F4,$C$8,0)+$AG4+CD9 -> 0.8 | CK4: =IF(CJ4<1,CJ4,(CJ4-1)*0.925+1) -> 0.8 | CL4: =MIN($AF4+CL$25+CC9,1) -> 0.25 | CM4: =IF(BU4="心灵",1,$B$4/($B$4+$C$4*(1-CL4))) -> 0.56872038 | CN4: {=INDEX(动作!$I$3:$I$113,BO4)} -> 0 | CO4: =CE4*(1+CF4)*CI4*CK4*CM4*CF$28*(1+CM$25) -> 0 | CP4: =CO4*BN$8 -> 0 | CQ4: {=INDEX(云配队!$J4:$AC4,1,CQ$1)} -> e | CR4: {=IFERROR(MATCH(1,(动作!$A$3:$A$111=$D4)*EXACT(动作!$B$3:$B$111,CQ4),0),1)} -> 38 | CS4: =$I4*(1+$J4+CS$25)+$K4+CT$25 -> 2123.475 | CT4: =$L4*(1+$M4+CU$25)+$N4+CV$25 -> 21198.4 | CU4: =$O4*(1+$P4+CW$25)+$Q4+CX$25 -> 909 | CV4: =$U4+CY$25 -> 0 | CW4: {=INDEX(动作!$C$3:$C$113,CR4)} -> E | CX4: {=INDEX(动作!$D$3:$D$113,CR4)} -> 0 | CY4: {=INDEX(动作!$E$3:$E$113,CR4)*$AH4} -> 999.50231 | CZ4: {=INDEX(动作!$F$3:$F$113,CR4)*$AH4} -> 0 | DA4: {=INDEX(动作!$G$3:$G$113,CR4)*$AH4} -> 0 | DB4: {=INDEX(动作!$H$3:$H$113,CR4)} -> 0 | DC4: {=INDEX(动作!$L$3:$L$113,CR4)*(1+CZ$25)*CQ$8} -> 1.3 | DD4: {=INDEX(动作!$K$3:$K$113,CR4)*CQ$8} -> 10.4 | DE4: {=INDEX(动作!$J$3:$J$113,CR4)*CQ$8} -> 6.3 | DF4: {=INDEX(动作!$N$3:$N$113,CR4)*CQ$8} -> 0 | DG4: =(SUM(DE$4:DE$7)*(0.6+DB$25)+DE4*(0.4-DB$25))*(1+$T4+DA$25)+DF4 -> 6.3 | DH4: =CS4*CY4%+CT4*CZ4%+CU4*DA4%+DB4 -> 21224.182 | DI4: =IFERROR(OFFSET($X4,0,MATCH(CW4,$Y$3:$AA$3,0)),0)+IF(CX4="心灵",$AB4,$X4)+IF(CX4="附着",$AC4,0)+IF(CX4="追击",$AD4,0)+DI$25+$W4+IF(CQ$28,$AE$4,0)+DE9 -> 0.625 | DJ4: =IF(CX4="DOT",50%,MIN($R4+DJ$25+DC9,1)) -> 0.69 | DK4: =$S4+DK$25+DD9 -> 1.66 | DL4: =1+DJ4*DK4 -> 2.1454 | DM4: =1-$B$6+DM$25+IF($C$6=$F4,$C$8,0)+$AG4+DG9 -> 0.8 | DN4: =IF(DM4<1,DM4,(DM4-1)*0.925+1) -> 0.8 | DO4: =MIN($AF4+DO$25+DF9,1) -> 0 | DP4: =IF(CX4="心灵",1,$B$4/($B$4+$C$4*(1-DO4))) -> 0.49723757 | DQ4: {=INDEX(动作!$I$3:$I$113,CR4)} -> 0 | DR4: =DH4*(1+DI4)*DL4*DN4*DP4*DI$28*(1+DP$25) -> 29433.813 | DS4: =DR4*CQ$8 -> 29433.813 | DT4: {=INDEX(云配队!$J4:$AC4,1,DT$1)} -> q | DU4: {=IFERROR(MATCH(1,(动作!$A$3:$A$111=$D4)*EXACT(动作!$B$3:$B$111,DT4),0),1)} -> 40 | DV4: =$I4*(1+$J4+DV$25)+$K4+DW$25 -> 2123.475 | DW4: =$L4*(1+$M4+DX$25)+$N4+DY$25 -> 21198.4 | DX4: =$O4*(1+$P4+DZ$25)+$Q4+EA$25 -> 909 | DY4: =$U4+EB$25 -> 0 | DZ4: {=INDEX(动作!$C$3:$C$113,DU4)} -> Q | EA4: {=INDEX(动作!$D$3:$D$113,DU4)} -> 0 | EB4: {=INDEX(动作!$E$3:$E$113,DU4)*$AH4} -> 1999.0046 | EC4: {=INDEX(动作!$F$3:$F$113,DU4)*$AH4} -> 0 | ED4: {=INDEX(动作!$G$3:$G$113,DU4)*$AH4} -> 0 | EE4: {=INDEX(动作!$H$3:$H$113,DU4)} -> 0 | EF4: {=INDEX(动作!$L$3:$L$113,DU4)*(1+EC$25)*DT$8} -> 1.125 | EG4: {=INDEX(动作!$K$3:$K$113,DU4)*DT$8} -> 0 | EH4: {=INDEX(动作!$J$3:$J$113,DU4)*DT$8} -> 0 | EI4: {=INDEX(动作!$N$3:$N$113,DU4)*DT$8} -> 0 | EJ4: =(SUM(EH$4:EH$7)*(0.6+EE$25)+EH4*(0.4-EE$25))*(1+$T4+ED$25)+EI4 -> 0 | EK4: =DV4*EB4%+DW4*EC4%+DX4*ED4%+EE4 -> 42448.364 | EL4: =IFERROR(OFFSET($X4,0,MATCH(DZ4,$Y$3:$AA$3,0)),0)+IF(EA4="心灵",$AB4,$X4)+IF(EA4="附着",$AC4,0)+IF(EA4="追击",$AD4,0)+EL$25+$W4+IF(DT$28,$AE$4,0)+EH9 -> 0.825 | EM4: =IF(EA4="DOT",50%,MIN($R4+EM$25+EF9,1)) -> 0.69 | EN4: =$S4+EN$25+EG9 -> 1.66 | EO4: =1+EM4*EN4 -> 2.1454 | EP4: =1-$B$6+EP$25+IF($C$6=$F4,$C$8,0)+$AG4+EJ9 -> 0.8 | EQ4: =IF(EP4<1,EP4,(EP4-1)*0.925+1) -> 0.8 | ER4: =MIN($AF4+ER$25+EI9,1) -> 0 | ES4: =IF(EA4="心灵",1,$B$4/($B$4+$C$4*(1-ER4))) -> 0.49723757 | ET4: {=INDEX(动作!$I$3:$I$113,DU4)} -> 0 | EU4: =EK4*(1+EL4)*EO4*EQ4*ES4*EL$28*(1+ES$25) -> 66112.871 | EV4: =EU4*DT$8 -> 49584.653 | EW4: {=INDEX(云配队!$J4:$AC4,1,EW$1)} -> 5a | EX4: {=IFERROR(MATCH(1,(动作!$A$3:$A$111=$D4)*EXACT(动作!$B$3:$B$111,EW4),0),1)} -> 30 | EY4: =$I4*(1+$J4+EY$25)+$K4+EZ$25 -> 2123.475 | EZ4: =$L4*(1+$M4+FA$25)+$N4+FB$25 -> 21198.4 | FA4: =$O4*(1+$P4+FC$25)+$Q4+FD$25 -> 909 | FB4: =$U4+FE$25 -> 0 | FC4: {=INDEX(动作!$C$3:$C$113,EX4)} -> 普攻 | FD4: {=INDEX(动作!$D$3:$D$113,EX4)} -> 0 | FE4: {=INDEX(动作!$E$3:$E$113,EX4)*$AH4} -> 863.9698 | FF4: {=INDEX(动作!$F$3:$F$113,EX4)*$AH4} -> 0 | FG4: {=INDEX(动作!$G$3:$G$113,EX4)*$AH4} -> 0 | FH4: {=INDEX(动作!$H$3:$H$113,EX4)} -> 0 | FI4: {=INDEX(动作!$L$3:$L$113,EX4)*(1+FF$25)*EW$8} -> 6.598 | FJ4: {=INDEX(动作!$K$3:$K$113,EX4)*EW$8} -> 55.4 | FK4: {=INDEX(动作!$J$3:$J$113,EX4)*EW$8} -> 33.198 | FL4: {=INDEX(动作!$N$3:$N$113,EX4)*EW$8} -> 0 | FM4: =(SUM(FK$4:FK$7)*(0.6+FH$25)+FK4*(0.4-FH$25))*(1+$T4+FG$25)+FL4 -> 33.198 | FN4: =EY4*FE4%+EZ4*FF4%+FA4*FG4%+FH4 -> 18346.183 | FO4: =IFERROR(OFFSET($X4,0,MATCH(FC4,$Y$3:$AA$3,0)),0)+IF(FD4="心灵",$AB4,$X4)+IF(FD4="附着",$AC4,0)+IF(FD4="追击",$AD4,0)+FO$25+$W4+IF(EW$28,$AE$4,0)+FK9 -> 0.9625 | FP4: =IF(FD4="DOT",50%,MIN($R4+FP$25+FI9,1)) -> 0.69 | FQ4: =$S4+FQ$25+FJ9 -> 1.66 | FR4: =1+FP4*FQ4 -> 2.1454 | FS4: =1-$B$6+FS$25+IF($C$6=$F4,$C$8,0)+$AG4+FM9 -> 0.8 | FT4: =IF(FS4<1,FS4,(FS4-1)*0.925+1) -> 0.8 | FU4: =MIN($AF4+FU$25+FL9,1) -> 0 | FV4: =IF(FD4="心灵",1,$B$4/($B$4+$C$4*(1-FU4))) -> 0.49723757 | FW4: {=INDEX(动作!$I$3:$I$113,EX4)} -> 3.85 | FX4: =FN4*(1+FO4)*FR4*FT4*FV4*FO$28*(1+FV$25) -> 30726.817 | FY4: =FX4*EW$8 -> 61453.635 | FZ4: {=INDEX(云配队!$J4:$AC4,1,FZ$1)} -> 5a副手 | GA4: {=IFERROR(MATCH(1,(动作!$A$3:$A$111=$D4)*EXACT(动作!$B$3:$B$111,FZ4),0),1)} -> 31 | GB4: =$I4*(1+$J4+GB$25)+$K4+GC$25 -> 2123.475 | GC4: =$L4*(1+$M4+GD$25)+$N4+GE$25 -> 21198.4 | GD4: =$O4*(1+$P4+GF$25)+$Q4+GG$25 -> 909 | GE4: =$U4+GH$25 -> 0 | GF4: {=INDEX(动作!$C$3:$C$113,GA4)} -> 普攻 | GG4: {=INDEX(动作!$D$3:$D$113,GA4)} -> 追击 | GH4: {=INDEX(动作!$E$3:$E$113,GA4)*$AH4} -> 659.67153 | GI4: {=INDEX(动作!$F$3:$F$113,GA4)*$AH4} -> 0 | GJ4: {=INDEX(动作!$G$3:$G$113,GA4)*$AH4} -> 0 | GK4: {=INDEX(动作!$H$3:$H$113,GA4)} -> 0 | GL4: {=INDEX(动作!$L$3:$L$113,GA4)*(1+GI$25)*FZ$8} -> 0 | GM4: {=INDEX(动作!$K$3:$K$113,GA4)*FZ$8} -> 0 | GN4: {=INDEX(动作!$J$3:$J$113,GA4)*FZ$8} -> 0 | GO4: {=INDEX(动作!$N$3:$N$113,GA4)*FZ$8} -> 0 | GP4: =(SUM(GN$4:GN$7)*(0.6+GK$25)+GN4*(0.4-GK$25))*(1+$T4+GJ$25)+GO4 -> 0 | GQ4: =GB4*GH4%+GC4*GI4%+GD4*GJ4%+GK4 -> 14007.96 | GR4: =IFERROR(OFFSET($X4,0,MATCH(GF4,$Y$3:$AA$3,0)),0)+IF(GG4="心灵",$AB4,$X4)+IF(GG4="附着",$AC4,0)+IF(GG4="追击",$AD4,0)+GR$25+$W4+IF(FZ$28,$AE$4,0)+GN9 -> 1.025 | GS4: =IF(GG4="DOT",50%,MIN($R4+GS$25+GL9,1)) -> 0.69 | GT4: =$S4+GT$25+GM9 -> 1.66 | GU4: =1+GS4*GT4 -> 2.1454 | GV4: =1-$B$6+GV$25+IF($C$6=$F4,$C$8,0)+$AG4+GP9 -> 0.8 | GW4: =IF(GV4<1,GV4,(GV4-1)*0.925+1) -> 0.8 | GX4: =MIN($AF4+GX$25+GO9,1) -> 0 | GY4: =IF(GG4="心灵",1,$B$4/($B$4+$C$4*(1-GX4))) -> 0.49723757 | GZ4: {=INDEX(动作!$I$3:$I$113,GA4)} -> 0 | HA4: =GQ4*(1+GR4)*GU4*GW4*GY4*GR$28*(1+GY$25) -> 24208.179 | HB4: =HA4*FZ$8 -> 18156.134 | HC4: {=INDEX(云配队!$J4:$AC4,1,HC$1)} -> 闪反 | HD4: {=IFERROR(MATCH(1,(动作!$A$3:$A$111=$D4)*EXACT(动作!$B$3:$B$111,HC4),0),1)} -> 34 | HE4: =$I4*(1+$J4+HE$25)+$K4+HF$25 -> 2123.475 | HF4: =$L4*(1+$M4+HG$25)+$N4+HH$25 -> 21198.4 | HG4: =$O4*(1+$P4+HI$25)+$Q4+HJ$25 -> 909 | HH4: =$U4+HK$25 -> 0 | HI4: {=INDEX(动作!$C$3:$C$113,HD4)} -> 闪反 | HJ4: {=INDEX(动作!$D$3:$D$113,HD4)} -> 0 | HK4: {=INDEX(动作!$E$3:$E$113,HD4)*$AH4} -> 331.83477 | HL4: {=INDEX(动作!$F$3:$F$113,HD4)*$AH4} -> 0 | HM4: {=INDEX(动作!$G$3:$G$113,HD4)*$AH4} -> 0 | HN4: {=INDEX(动作!$H$3:$H$113,HD4)} -> 0 | HO4: {=INDEX(动作!$L$3:$L$113,HD4)*(1+HL$25)*HC$8} -> 7.5 | HP4: {=INDEX(动作!$K$3:$K$113,HD4)*HC$8} -> 20.7 | HQ4: {=INDEX(动作!$J$3:$J$113,HD4)*HC$8} -> 12.6 | HR4: {=INDEX(动作!$N$3:$N$113,HD4)*HC$8} -> 0 | HS4: =(SUM(HQ$4:HQ$7)*(0.6+HN$25)+HQ4*(0.4-HN$25))*(1+$T4+HM$25)+HR4 -> 12.6 | HT4: =HE4*HK4%+HF4*HL4%+HG4*HM4%+HN4 -> 7046.4283 | HU4: =IFERROR(OFFSET($X4,0,MATCH(HI4,$Y$3:$AA$3,0)),0)+IF(HJ4="心灵",$AB4,$X4)+IF(HJ4="附着",$AC4,0)+IF(HJ4="追击",$AD4,0)+HU$25+$W4+IF(HC$28,$AE$4,0)+HQ9 -> 0.7 | HV4: =IF(HJ4="DOT",50%,MIN($R4+HV$25+HO9,1)) -> 0.69 | HW4: =$S4+HW$25+HP9 -> 1.66 | HX4: =1+HV4*HW4 -> 2.1454 | HY4: =1-$B$6+HY$25+IF($C$6=$F4,$C$8,0)+$AG4+HS9 -> 0.8 | HZ4: =IF(HY4<1,HY4,(HY4-1)*0.925+1) -> 0.8 | IA4: =MIN($AF4+IA$25+HR9,1) -> 0 | IB4: =IF(HJ4="心灵",1,$B$4/($B$4+$C$4*(1-IA4))) -> 0.49723757 | IC4: {=INDEX(动作!$I$3:$I$113,HD4)} -> 2.1 | ID4: =HT4*(1+HU4)*HX4*HZ4*IB4*HU$28*(1+IB$25) -> 10223.042 | IE4: =ID4*HC$8 -> 30669.127 | IF4: {=INDEX(云配队!$J4:$AC4,1,IF$1)} -> 闪反副手 | IG4: {=IFERROR(MATCH(1,(动作!$A$3:$A$111=$D4)*EXACT(动作!$B$3:$B$111,IF4),0),1)} -> 35 | IH4: =$I4*(1+$J4+IH$25)+$K4+II$25 -> 2123.475 | II4: =$L4*(1+$M4+IJ$25)+$N4+IK$25 -> 21198.4 | IJ4: =$O4*(1+$P4+IL$25)+$Q4+IM$25 -> 909 | IK4: =$U4+IN$25 -> 0 | IL4: {=INDEX(动作!$C$3:$C$113,IG4)} -> 普攻 | IM4: {=INDEX(动作!$D$3:$D$113,IG4)} -> 追击 | IN4: {=INDEX(动作!$E$3:$E$113,IG4)*$AH4} -> 171.3147 | IO4: {=INDEX(动作!$F$3:$F$113,IG4)*$AH4} -> 0 | IP4: {=INDEX(动作!$G$3:$G$113,IG4)*$AH4} -> 0 | IQ4: {=INDEX(动作!$H$3:$H$113,IG4)} -> 0 | IR4: {=INDEX(动作!$L$3:$L$113,IG4)*(1+IO$25)*IF$8} -> 0 | IS4: {=INDEX(动作!$K$3:$K$113,IG4)*IF$8} -> 0 | IT4: {=INDEX(动作!$J$3:$J$113,IG4)*IF$8} -> 0 | IU4: {=INDEX(动作!$N$3:$N$113,IG4)*IF$8} -> 0 | IV4: =(SUM(IT$4:IT$7)*(0.6+IQ$25)+IT4*(0.4-IQ$25))*(1+$T4+IP$25)+IU4 -> 0 | IW4: =IH4*IN4%+II4*IO4%+IJ4*IP4%+IQ4 -> 3637.8248 | IX4: =IFERROR(OFFSET($X4,0,MATCH(IL4,$Y$3:$AA$3,0)),0)+IF(IM4="心灵",$AB4,$X4)+IF(IM4="附着",$AC4,0)+IF(IM4="追击",$AD4,0)+IX$25+$W4+IF(IF$28,$AE$4,0)+IT9 -> 1.025 | IY4: =IF(IM4="DOT",50%,MIN($R4+IY$25+IR9,1)) -> 0.69 | IZ4: =$S4+IZ$25+IS9 -> 1.66 | JA4: =1+IY4*IZ4 -> 2.1454 | JB4: =1-$B$6+JB$25+IF($C$6=$F4,$C$8,0)+$AG4+IV9 -> 0.8 | JC4: =IF(JB4<1,JB4,(JB4-1)*0.925+1) -> 0.8 | JD4: =MIN($AF4+JD$25+IU9,1) -> 0 | JE4: =IF(IM4="心灵",1,$B$4/($B$4+$C$4*(1-JD4))) -> 0.49723757 | JF4: {=INDEX(动作!$I$3:$I$113,IG4)} -> 0 | JG4: =IW4*(1+IX4)*JA4*JC4*JE4*IX$28*(1+JE$25) -> 6286.7907 | JH4: =JG4*IF$8 -> 9430.186 | JI4: {=INDEX(云配队!$J4:$AC4,1,JI$1)} -> 0 | JJ4: {=IFERROR(MATCH(1,(动作!$A$3:$A$111=$D4)*EXACT(动作!$B$3:$B$111,JI4),0),1)} -> 1 | JK4: =$I4*(1+$J4+JK$25)+$K4+JL$25 -> 2123.475 | JL4: =$L4*(1+$M4+JM$25)+$N4+JN$25 -> 21198.4 | JM4: =$O4*(1+$P4+JO$25)+$Q4+JP$25 -> 909 | JN4: =$U4+JQ$25 -> 0 | JO4: {=INDEX(动作!$C$3:$C$113,JJ4)} -> 无 | JP4: {=INDEX(动作!$D$3:$D$113,JJ4)} -> 0 | JQ4: {=INDEX(动作!$E$3:$E$113,JJ4)*$AH4} -> 0 | JR4: {=INDEX(动作!$F$3:$F$113,JJ4)*$AH4} -> 0 | JS4: {=INDEX(动作!$G$3:$G$113,JJ4)*$AH4} -> 0 | JT4: {=INDEX(动作!$H$3:$H$113,JJ4)} -> 0 | JU4: {=INDEX(动作!$L$3:$L$113,JJ4)*(1+JR$25)*JI$8} -> 0 | JV4: {=INDEX(动作!$K$3:$K$113,JJ4)*JI$8} -> 0 | JW4: {=INDEX(动作!$J$3:$J$113,JJ4)*JI$8} -> 0 | JX4: {=INDEX(动作!$N$3:$N$113,JJ4)*JI$8} -> 0 | JY4: =(SUM(JW$4:JW$7)*(0.6+JT$25)+JW4*(0.4-JT$25))*(1+$T4+JS$25)+JX4 -> 0 | JZ4: =JK4*JQ4%+JL4*JR4%+JM4*JS4%+JT4 -> 0 | KA4: =IFERROR(OFFSET($X4,0,MATCH(JO4,$Y$3:$AA$3,0)),0)+IF(JP4="心灵",$AB4,$X4)+IF(JP4="附着",$AC4,0)+IF(JP4="追击",$AD4,0)+KA$25+$W4+IF(JI$28,$AE$4,0)+JW9 -> 0.625 | KB4: =IF(JP4="DOT",50%,MIN($R4+KB$25+JU9,1)) -> 0.69 | KC4: =$S4+KC$25+JV9 -> 1.36 | KD4: =1+KB4*KC4 -> 1.9384 | KE4: =1-$B$6+KE$25+IF($C$6=$F4,$C$8,0)+$AG4+JY9 -> 0.8 | KF4: =IF(KE4<1,KE4,(KE4-1)*0.925+1) -> 0.8 | KG4: =MIN($AF4+KG$25+JX9,1) -> 0 | KH4: =IF(JP4="心灵",1,$B$4/($B$4+$C$4*(1-KG4))) -> 0.49723757 | KI4: {=INDEX(动作!$I$3:$I$113,JJ4)} -> 0 | KJ4: =JZ4*(1+KA4)*KD4*KF4*KH4*KA$28*(1+KH$25) -> 0 | KK4: =KJ4*JI$8 -> 0 | KL4: {=INDEX(云配队!$J4:$AC4,1,KL$1)} -> 0 | KM4: {=IFERROR(MATCH(1,(动作!$A$3:$A$111=$D4)*EXACT(动作!$B$3:$B$111,KL4),0),1)} -> 1 | KN4: =$I4*(1+$J4+KN$25)+$K4+KO$25 -> 2123.475 | KO4: =$L4*(1+$M4+KP$25)+$N4+KQ$25 -> 21198.4 | KP4: =$O4*(1+$P4+KR$25)+$Q4+KS$25 -> 909 | KQ4: =$U4+KT$25 -> 0 | KR4: {=INDEX(动作!$C$3:$C$113,KM4)} -> 无 | KS4: {=INDEX(动作!$D$3:$D$113,KM4)} -> 0 | KT4: {=INDEX(动作!$E$3:$E$113,KM4)*$AH4} -> 0 | KU4: {=INDEX(动作!$F$3:$F$113,KM4)*$AH4} -> 0 | KV4: {=INDEX(动作!$G$3:$G$113,KM4)*$AH4} -> 0 | KW4: {=INDEX(动作!$H$3:$H$113,KM4)} -> 0 | KX4: {=INDEX(动作!$L$3:$L$113,KM4)*(1+KU$25)*KL$8} -> 0 | KY4: {=INDEX(动作!$K$3:$K$113,KM4)*KL$8} -> 0 | KZ4: {=INDEX(动作!$J$3:$J$113,KM4)*KL$8} -> 0 | LA4: {=INDEX(动作!$N$3:$N$113,KM4)*KL$8} -> 0 | LB4: =(SUM(KZ$4:KZ$7)*(0.6+KW$25)+KZ4*(0.4-KW$25))*(1+$T4+KV$25)+LA4 -> 0 | LC4: =KN4*KT4%+KO4*KU4%+KP4*KV4%+KW4 -> 0 | LD4: =IFERROR(OFFSET($X4,0,MATCH(KR4,$Y$3:$AA$3,0)),0)+IF(KS4="心灵",$AB4,$X4)+IF(KS4="附着",$AC4,0)+IF(KS4="追击",$AD4,0)+LD$25+$W4+IF(KL$28,$AE$4,0)+KZ9 -> 1.325 | LE4: =IF(KS4="DOT",50%,MIN($R4+LE$25+KX9,1)) -> 0.69 | LF4: =$S4+LF$25+KY9 -> 1.36 | LG4: =1+LE4*LF4 -> 1.9384 | LH4: =1-$B$6+LH$25+IF($C$6=$F4,$C$8,0)+$AG4+LB9 -> 0.8 | LI4: =IF(LH4<1,LH4,(LH4-1)*0.925+1) -> 0.8 | LJ4: =MIN($AF4+LJ$25+LA9,1) -> 0 | LK4: =IF(KS4="心灵",1,$B$4/($B$4+$C$4*(1-LJ4))) -> 0.49723757 | LL4: {=INDEX(动作!$I$3:$I$113,KM4)} -> 0 | LM4: =LC4*(1+LD4)*LG4*LI4*LK4*LD$28*(1+LK$25) -> 0 | LN4: =LM4*KL$8 -> 0 | LO4: {=INDEX(云配队!$J4:$AC4,1,LO$1)} -> 0 | LP4: {=IFERROR(MATCH(1,(动作!$A$3:$A$111=$D4)*EXACT(动作!$B$3:$B$111,LO4),0),1)} -> 1 | LQ4: =$I4*(1+$J4+LQ$25)+$K4+LR$25 -> 2123.475 | LR4: =$L4*(1+$M4+LS$25)+$N4+LT$25 -> 21198.4 | LS4: =$O4*(1+$P4+LU$25)+$Q4+LV$25 -> 909 | LT4: =$U4+LW$25 -> 0 | LU4: {=INDEX(动作!$C$3:$C$113,LP4)} -> 无 | LV4: {=INDEX(动作!$D$3:$D$113,LP4)} -> 0 | LW4: {=INDEX(动作!$E$3:$E$113,LP4)*$AH4} -> 0 | LX4: {=INDEX(动作!$F$3:$F$113,LP4)*$AH4} -> 0 | LY4: {=INDEX(动作!$G$3:$G$113,LP4)*$AH4} -> 0 | LZ4: {=INDEX(动作!$H$3:$H$113,LP4)} -> 0 | MA4: {=INDEX(动作!$L$3:$L$113,LP4)*(1+LX$25)*LO$8} -> 0 | MB4: {=INDEX(动作!$K$3:$K$113,LP4)*LO$8} -> 0 | MC4: {=INDEX(动作!$J$3:$J$113,LP4)*LO$8} -> 0 | MD4: {=INDEX(动作!$N$3:$N$113,LP4)*LO$8} -> 0 | ME4: =(SUM(MC$4:MC$7)*(0.6+LZ$25)+MC4*(0.4-LZ$25))*(1+$T4+LY$25)+MD4 -> 7.2 | MF4: =LQ4*LW4%+LR4*LX4%+LS4*LY4%+LZ4 -> 0 | MG4: =IFERROR(OFFSET($X4,0,MATCH(LU4,$Y$3:$AA$3,0)),0)+IF(LV4="心灵",$AB4,$X4)+IF(LV4="附着",$AC4,0)+IF(LV4="追击",$AD4,0)+MG$25+$W4+IF(LO$28,$AE$4,0)+MC9 -> 0.975 | MH4: =IF(LV4="DOT",50%,MIN($R4+MH$25+MA9,1)) -> 0.69 | MI4: =$S4+MI$25+MB9 -> 1.36 | MJ4: =1+MH4*MI4 -> 1.9384 | MK4: =1-$B$6+MK$25+IF($C$6=$F4,$C$8,0)+$AG4+ME9 -> 0.8 | ML4: =IF(MK4<1,MK4,(MK4-1)*0.925+1) -> 0.8 | MM4: =MIN($AF4+MM$25+MD9,1) -> 0 | MN4: =IF(LV4="心灵",1,$B$4/($B$4+$C$4*(1-MM4))) -> 0.49723757 | MO4: {=INDEX(动作!$I$3:$I$113,LP4)} -> 0 | MP4: =MF4*(1+MG4)*MJ4*ML4*MN4*MG$28*(1+MN$25) -> 0 | MQ4: =MP4*LO$8 -> 0 | MR4: {=INDEX(云配队!$J4:$AC4,1,MR$1)} -> 0 | MS4: {=IFERROR(MATCH(1,(动作!$A$3:$A$111=$D4)*EXACT(动作!$B$3:$B$111,MR4),0),1)} -> 1 | MT4: =$I4*(1+$J4+MT$25)+$K4+MU$25 -> 2123.475 | MU4: =$L4*(1+$M4+MV$25)+$N4+MW$25 -> 21198.4 | MV4: =$O4*(1+$P4+MX$25)+$Q4+MY$25 -> 909 | MW4: =$U4+MZ$25 -> 0 | MX4: {=INDEX(动作!$C$3:$C$113,MS4)} -> 无 | MY4: {=INDEX(动作!$D$3:$D$113,MS4)} -> 0 | MZ4: {=INDEX(动作!$E$3:$E$113,MS4)*$AH4} -> 0 | NA4: {=INDEX(动作!$F$3:$F$113,MS4)*$AH4} -> 0 | NB4: {=INDEX(动作!$G$3:$G$113,MS4)*$AH4} -> 0 | NC4: {=INDEX(动作!$H$3:$H$113,MS4)} -> 0 | ND4: {=INDEX(动作!$L$3:$L$113,MS4)*(1+NA$25)*MR$8} -> 0 | NE4: {=INDEX(动作!$K$3:$K$113,MS4)*MR$8} -> 0 | NF4: {=INDEX(动作!$J$3:$J$113,MS4)*MR$8} -> 0 | NG4: {=INDEX(动作!$N$3:$N$113,MS4)*MR$8} -> 0 | NH4: =(SUM(NF$4:NF$7)*(0.6+NC$25)+NF4*(0.4-NC$25))*(1+$T4+NB$25)+NG4 -> 0 | NI4: =MT4*MZ4%+MU4*NA4%+MV4*NB4%+NC4 -> 0 | NJ4: =IFERROR(OFFSET($X4,0,MATCH(MX4,$Y$3:$AA$3,0)),0)+IF(MY4="心灵",$AB4,$X4)+IF(MY4="附着",$AC4,0)+IF(MY4="追击",$AD4,0)+NJ$25+$W4+IF(MR$28,$AE$4,0)+NF9 -> 0.625 | NK4: =IF(MY4="DOT",50%,MIN($R4+NK$25+ND9,1)) -> 0.69 | NL4: =$S4+NL$25+NE9 -> 1.36 | NM4: =1+NK4*NL4 -> 1.9384 | NN4: =1-$B$6+NN$25+IF($C$6=$F4,$C$8,0)+$AG4+NH9 -> 0.8 | NO4: =IF(NN4<1,NN4,(NN4-1)*0.925+1) -> 0.8 | NP4: =MIN($AF4+NP$25+NG9,1) -> 0 | NQ4: =IF(MY4="心灵",1,$B$4/($B$4+$C$4*(1-NP4))) -> 0.49723757 | NR4: {=INDEX(动作!$I$3:$I$113,MS4)} -> 0 | NS4: =NI4*(1+NJ4)*NM4*NO4*NQ4*NJ$28*(1+NQ$25) -> 0 | NT4: =NS4*MR$8 -> 0 | NU4: {=INDEX(云配队!$J4:$AC4,1,NU$1)} -> 0 | NV4: {=IFERROR(MATCH(1,(动作!$A$3:$A$111=$D4)*EXACT(动作!$B$3:$B$111,NU4),0),1)} -> 1 | NW4: =$I4*(1+$J4+NW$25)+$K4+NX$25 -> 2123.475 | NX4: =$L4*(1+$M4+NY$25)+$N4+NZ$25 -> 21198.4 | NY4: =$O4*(1+$P4+OA$25)+$Q4+OB$25 -> 909 | NZ4: =$U4+OC$25 -> 0 | OA4: {=INDEX(动作!$C$3:$C$113,NV4)} -> 无 | OB4: {=INDEX(动作!$D$3:$D$113,NV4)} -> 0 | OC4: {=INDEX(动作!$E$3:$E$113,NV4)*$AH4} -> 0 | OD4: {=INDEX(动作!$F$3:$F$113,NV4)*$AH4} -> 0 | OE4: {=INDEX(动作!$G$3:$G$113,NV4)*$AH4} -> 0 | OF4: {=INDEX(动作!$H$3:$H$113,NV4)} -> 0 | OG4: {=INDEX(动作!$L$3:$L$113,NV4)*(1+OD$25)*NU$8} -> 0 | OH4: {=INDEX(动作!$K$3:$K$113,NV4)*NU$8} -> 0 | OI4: {=INDEX(动作!$J$3:$J$113,NV4)*NU$8} -> 0 | OJ4: {=INDEX(动作!$N$3:$N$113,NV4)*NU$8} -> 0 | OK4: =(SUM(OI$4:OI$7)*(0.6+OF$25)+OI4*(0.4-OF$25))*(1+$T4+OE$25)+OJ4 -> 0 | OL4: =NW4*OC4%+NX4*OD4%+NY4*OE4%+OF4 -> 0 | OM4: =IFERROR(OFFSET($X4,0,MATCH(OA4,$Y$3:$AA$3,0)),0)+IF(OB4="心灵",$AB4,$X4)+IF(OB4="附着",$AC4,0)+IF(OB4="追击",$AD4,0)+OM$25+$W4+IF(NU$28,$AE$4,0)+OI9 -> 0.625 | ON4: =IF(OB4="DOT",50%,MIN($R4+ON$25+OG9,1)) -> 0.69 | OO4: =$S4+OO$25+OH9 -> 1.36 | OP4: =1+ON4*OO4 -> 1.9384 | OQ4: =1-$B$6+OQ$25+IF($C$6=$F4,$C$8,0)+$AG4+OK9 -> 0.8 | OR4: =IF(OQ4<1,OQ4,(OQ4-1)*0.925+1) -> 0.8 | OS4: =MIN($AF4+OS$25+OJ9,1) -> 0 | OT4: =IF(OB4="心灵",1,$B$4/($B$4+$C$4*(1-OS4))) -> 0.49723757 | OU4: {=INDEX(动作!$I$3:$I$113,NV4)} -> 0 | OV4: =OL4*(1+OM4)*OP4*OR4*OT4*OM$28*(1+OT$25) -> 0 | OW4: =OV4*NU$8 -> 0 | OX4: {=INDEX(云配队!$J4:$AC4,1,OX$1)} -> 0 | OY4: {=IFERROR(MATCH(1,(动作!$A$3:$A$111=$D4)*EXACT(动作!$B$3:$B$111,OX4),0),1)} -> 1 | OZ4: =$I4*(1+$J4+OZ$25)+$K4+PA$25 -> 2123.475 | PA4: =$L4*(1+$M4+PB$25)+$N4+PC$25 -> 21198.4 | PB4: =$O4*(1+$P4+PD$25)+$Q4+PE$25 -> 909 | PC4: =$U4+PF$25 -> 0 | PD4: {=INDEX(动作!$C$3:$C$113,OY4)} -> 无 | PE4: {=INDEX(动作!$D$3:$D$113,OY4)} -> 0 | PF4: {=INDEX(动作!$E$3:$E$113,OY4)*$AH4} -> 0 | PG4: {=INDEX(动作!$F$3:$F$113,OY4)*$AH4} -> 0 | PH4: {=INDEX(动作!$G$3:$G$113,OY4)*$AH4} -> 0 | PI4: {=INDEX(动作!$H$3:$H$113,OY4)} -> 0 | PJ4: {=INDEX(动作!$L$3:$L$113,OY4)*(1+PG$25)*OX$8} -> 0 | PK4: {=INDEX(动作!$K$3:$K$113,OY4)*OX$8} -> 0 | PL4: {=INDEX(动作!$J$3:$J$113,OY4)*OX$8} -> 0 | PM4: {=INDEX(动作!$N$3:$N$113,OY4)*OX$8} -> 0 | PN4: =(SUM(PL$4:PL$7)*(0.6+PI$25)+PL4*(0.4-PI$25))*(1+$T4+PH$25)+PM4 -> 4.26 | PO4: =OZ4*PF4%+PA4*PG4%+PB4*PH4%+PI4 -> 0 | PP4: =IFERROR(OFFSET($X4,0,MATCH(PD4,$Y$3:$AA$3,0)),0)+IF(PE4="心灵",$AB4,$X4)+IF(PE4="附着",$AC4,0)+IF(PE4="追击",$AD4,0)+PP$25+$W4+IF(OX$28,$AE$4,0)+PL9 -> 0.625 | PQ4: =IF(PE4="DOT",50%,MIN($R4+PQ$25+PJ9,1)) -> 0.69 | PR4: =$S4+PR$25+PK9 -> 1.36 | PS4: =1+PQ4*PR4 -> 1.9384 | PT4: =1-$B$6+PT$25+IF($C$6=$F4,$C$8,0)+$AG4+PN9 -> 0.8 | PU4: =IF(PT4<1,PT4,(PT4-1)*0.925+1) -> 0.8 | PV4: =MIN($AF4+PV$25+PM9,1) -> 0 | PW4: =IF(PE4="心灵",1,$B$4/($B$4+$C$4*(1-PV4))) -> 0.49723757 | PX4: {=INDEX(动作!$I$3:$I$113,OY4)} -> 0 | PY4: =PO4*(1+PP4)*PS4*PU4*PW4*PP$28*(1+PW$25) -> 0 | PZ4: =PY4*OX$8 -> 0 | QA4: {=INDEX(云配队!$J4:$AC4,1,QA$1)} -> 0 | QB4: {=IFERROR(MATCH(1,(动作!$A$3:$A$111=$D4)*EXACT(动作!$B$3:$B$111,QA4),0),1)} -> 1 | QC4: =$I4*(1+$J4+QC$25)+$K4+QD$25 -> 2123.475 | QD4: =$L4*(1+$M4+QE$25)+$N4+QF$25 -> 21198.4 | QE4: =$O4*(1+$P4+QG$25)+$Q4+QH$25 -> 909 | QF4: =$U4+QI$25 -> 0 | QG4: {=INDEX(动作!$C$3:$C$113,QB4)} -> 无 | QH4: {=INDEX(动作!$D$3:$D$113,QB4)} -> 0 | QI4: {=INDEX(动作!$E$3:$E$113,QB4)*$AH4} -> 0 | QJ4: {=INDEX(动作!$F$3:$F$113,QB4)*$AH4} -> 0 | QK4: {=INDEX(动作!$G$3:$G$113,QB4)*$AH4} -> 0 | QL4: {=INDEX(动作!$H$3:$H$113,QB4)} -> 0 | QM4: {=INDEX(动作!$L$3:$L$113,QB4)*(1+QJ$25)*QA$8} -> 0 | QN4: {=INDEX(动作!$K$3:$K$113,QB4)*QA$8} -> 0 | QO4: {=INDEX(动作!$J$3:$J$113,QB4)*QA$8} -> 0 | QP4: {=INDEX(动作!$N$3:$N$113,QB4)*QA$8} -> 0 | QQ4: =(SUM(QO$4:QO$7)*(0.6+QL$25)+QO4*(0.4-QL$25))*(1+$T4+QK$25)+QP4 -> 0 | QR4: =QC4*QI4%+QD4*QJ4%+QE4*QK4%+QL4 -> 0 | QS4: =IFERROR(OFFSET($X4,0,MATCH(QG4,$Y$3:$AA$3,0)),0)+IF(QH4="心灵",$AB4,$X4)+IF(QH4="附着",$AC4,0)+IF(QH4="追击",$AD4,0)+QS$25+$W4+IF(QA$28,$AE$4,0)+QO9 -> 0.625 | QT4: =IF(QH4="DOT",50%,MIN($R4+QT$25+QM9,1)) -> 0.69 | QU4: =$S4+QU$25+QN9 -> 1.36 | QV4: =1+QT4*QU4 -> 1.9384 | QW4: =1-$B$6+QW$25+IF($C$6=$F4,$C$8,0)+$AG4+QQ9 -> 0.8 | QX4: =IF(QW4<1,QW4,(QW4-1)*0.925+1) -> 0.8 | QY4: =MIN($AF4+QY$25+QP9,1) -> 0 | QZ4: =IF(QH4="心灵",1,$B$4/($B$4+$C$4*(1-QY4))) -> 0.49723757 | RA4: {=INDEX(动作!$I$3:$I$113,QB4)} -> 0 | RB4: =QR4*(1+QS4)*QV4*QX4*QZ4*QS$28*(1+QZ$25) -> 0 | RC4: =RB4*QA$8 -> 0 | RD4: {=INDEX(云配队!$J4:$AC4,1,RD$1)} -> 0 | RE4: {=IFERROR(MATCH(1,(动作!$A$3:$A$111=$D4)*EXACT(动作!$B$3:$B$111,RD4),0),1)} -> 1 | RF4: =$I4*(1+$J4+RF$25)+$K4+RG$25 -> 2123.475 | RG4: =$L4*(1+$M4+RH$25)+$N4+RI$25 -> 21198.4 | RH4: =$O4*(1+$P4+RJ$25)+$Q4+RK$25 -> 909 | RI4: =$U4+RL$25 -> 0 | RJ4: {=INDEX(动作!$C$3:$C$113,RE4)} -> 无 | RK4: {=INDEX(动作!$D$3:$D$113,RE4)} -> 0 | RL4: {=INDEX(动作!$E$3:$E$113,RE4)*$AH4} -> 0 | RM4: {=INDEX(动作!$F$3:$F$113,RE4)*$AH4} -> 0 | RN4: {=INDEX(动作!$G$3:$G$113,RE4)*$AH4} -> 0 | RO4: {=INDEX(动作!$H$3:$H$113,RE4)} -> 0 | RP4: {=INDEX(动作!$L$3:$L$113,RE4)*(1+RM$25)*RD$8} -> 0 | RQ4: {=INDEX(动作!$K$3:$K$113,RE4)*RD$8} -> 0 | RR4: {=INDEX(动作!$J$3:$J$113,RE4)*RD$8} -> 0 | RS4: {=INDEX(动作!$N$3:$N$113,RE4)*RD$8} -> 0 | RT4: =(SUM(RR$4:RR$7)*(0.6+RO$25)+RR4*(0.4-RO$25))*(1+$T4+RN$25)+RS4 -> 7.56 | RU4: =RF4*RL4%+RG4*RM4%+RH4*RN4%+RO4 -> 0 | RV4: =IFERROR(OFFSET($X4,0,MATCH(RJ4,$Y$3:$AA$3,0)),0)+IF(RK4="心灵",$AB4,$X4)+IF(RK4="附着",$AC4,0)+IF(RK4="追击",$AD4,0)+RV$25+$W4+IF(RD$28,$AE$4,0)+RR9 -> 0.625 | RW4: =IF(RK4="DOT",50%,MIN($R4+RW$25+RP9,1)) -> 0.69 | RX4: =$S4+RX$25+RQ9 -> 1.36 | RY4: =1+RW4*RX4 -> 1.9384 | RZ4: =1-$B$6+RZ$25+IF($C$6=$F4,$C$8,0)+$AG4+RT9 -> 0.8 | SA4: =IF(RZ4<1,RZ4,(RZ4-1)*0.925+1) -> 0.8 | SB4: =MIN($AF4+SB$25+RS9,1) -> 0 | SC4: =IF(RK4="心灵",1,$B$4/($B$4+$C$4*(1-SB4))) -> 0.49723757 | SD4: {=INDEX(动作!$I$3:$I$113,RE4)} -> 0 | SE4: =RU4*(1+RV4)*RY4*SA4*SC4*RV$28*(1+SC$25) -> 0 | SF4: =SE4*RD$8 -> 0 | SG4: {=INDEX(云配队!$J4:$AC4,1,SG$1)} -> 0 | SH4: {=IFERROR(MATCH(1,(动作!$A$3:$A$111=$D4)*EXACT(动作!$B$3:$B$111,SG4),0),1)} -> 1 | SI4: =$I4*(1+$J4+SI$25)+$K4+SJ$25 -> 2123.475 | SJ4: =$L4*(1+$M4+SK$25)+$N4+SL$25 -> 21198.4 | SK4: =$O4*(1+$P4+SM$25)+$Q4+SN$25 -> 909 | SL4: =$U4+SO$25 -> 0 | SM4: {=INDEX(动作!$C$3:$C$113,SH4)} -> 无 | SN4: {=INDEX(动作!$D$3:$D$113,SH4)} -> 0 | SO4: {=INDEX(动作!$E$3:$E$113,SH4)*$AH4} -> 0 | SP4: {=INDEX(动作!$F$3:$F$113,SH4)*$AH4} -> 0 | SQ4: {=INDEX(动作!$G$3:$G$113,SH4)*$AH4} -> 0 | SR4: {=INDEX(动作!$H$3:$H$113,SH4)} -> 0 | SS4: {=INDEX(动作!$L$3:$L$113,SH4)*(1+SP$25)*SG$8} -> 0 | ST4: {=INDEX(动作!$K$3:$K$113,SH4)*SG$8} -> 0 | SU4: {=INDEX(动作!$J$3:$J$113,SH4)*SG$8} -> 0 | SV4: {=INDEX(动作!$N$3:$N$113,SH4)*SG$8} -> 0 | SW4: =(SUM(SU$4:SU$7)*(0.6+SR$25)+SU4*(0.4-SR$25))*(1+$T4+SQ$25)+SV4 -> 0 | SX4: =SI4*SO4%+SJ4*SP4%+SK4*SQ4%+SR4 -> 0 | SY4: =IFERROR(OFFSET($X4,0,MATCH(SM4,$Y$3:$AA$3,0)),0)+IF(SN4="心灵",$AB4,$X4)+IF(SN4="附着",$AC4,0)+IF(SN4="追击",$AD4,0)+SY$25+$W4+IF(SG$28,$AE$4,0)+SU9 -> 0.625 | SZ4: =IF(SN4="DOT",50%,MIN($R4+SZ$25+SS9,1)) -> 0.69 | TA4: =$S4+TA$25+ST9 -> 1.36 | TB4: =1+SZ4*TA4 -> 1.9384 | TC4: =1-$B$6+TC$25+IF($C$6=$F4,$C$8,0)+$AG4+SW9 -> 0.8 | TD4: =IF(TC4<1,TC4,(TC4-1)*0.925+1) -> 0.8 | TE4: =MIN($AF4+TE$25+SV9,1) -> 0 | TF4: =IF(SN4="心灵",1,$B$4/($B$4+$C$4*(1-TE4))) -> 0.49723757 | TG4: {=INDEX(动作!$I$3:$I$113,SH4)} -> 0 | TH4: =SX4*(1+SY4)*TB4*TD4*TF4*SY$28*(1+TF$25) -> 0 | TI4: =TH4*SG$8 -> 0 | TJ4: {=INDEX(云配队!$J4:$AC4,1,TJ$1)} -> 0 | TK4: {=IFERROR(MATCH(1,(动作!$A$3:$A$111=$D4)*EXACT(动作!$B$3:$B$111,TJ4),0),1)} -> 1 | TL4: =$I4*(1+$J4+TL$25)+$K4+TM$25 -> 2123.475 | TM4: =$L4*(1+$M4+TN$25)+$N4+TO$25 -> 21198.4 | TN4: =$O4*(1+$P4+TP$25)+$Q4+TQ$25 -> 909 | TO4: =$U4+TR$25 -> 0 | TP4: {=INDEX(动作!$C$3:$C$113,TK4)} -> 无 | TQ4: {=INDEX(动作!$D$3:$D$113,TK4)} -> 0 | TR4: {=INDEX(动作!$E$3:$E$113,TK4)*$AH4} -> 0 | TS4: {=INDEX(动作!$F$3:$F$113,TK4)*$AH4} -> 0 | TT4: {=INDEX(动作!$G$3:$G$113,TK4)*$AH4} -> 0 | TU4: {=INDEX(动作!$H$3:$H$113,TK4)} -> 0 | TV4: {=INDEX(动作!$L$3:$L$113,TK4)*(1+TS$25)*TJ$8} -> 0 | TW4: {=INDEX(动作!$K$3:$K$113,TK4)*TJ$8} -> 0 | TX4: {=INDEX(动作!$J$3:$J$113,TK4)*TJ$8} -> 0 | TY4: {=INDEX(动作!$N$3:$N$113,TK4)*TJ$8} -> 0 | TZ4: =(SUM(TX$4:TX$7)*(0.6+TU$25)+TX4*(0.4-TU$25))*(1+$T4+TT$25)+TY4 -> 0 | UA4: =TL4*TR4%+TM4*TS4%+TN4*TT4%+TU4 -> 0 | UB4: =IFERROR(OFFSET($X4,0,MATCH(TP4,$Y$3:$AA$3,0)),0)+IF(TQ4="心灵",$AB4,$X4)+IF(TQ4="附着",$AC4,0)+IF(TQ4="追击",$AD4,0)+UB$25+$W4+IF(TJ$28,$AE$4,0)+TX9 -> 0.625 | UC4: =IF(TQ4="DOT",50%,MIN($R4+UC$25+TV9,1)) -> 0.69 | UD4: =$S4+UD$25+TW9 -> 1.36 | UE4: =1+UC4*UD4 -> 1.9384 | UF4: =1-$B$6+UF$25+IF($C$6=$F4,$C$8,0)+$AG4+TZ9 -> 0.8 | UG4: =IF(UF4<1,UF4,(UF4-1)*0.925+1) -> 0.8 | UH4: =MIN($AF4+UH$25+TY9,1) -> 0 | UI4: =IF(TQ4="心灵",1,$B$4/($B$4+$C$4*(1-UH4))) -> 0.49723757 | UJ4: {=INDEX(动作!$I$3:$I$113,TK4)} -> 0 | UK4: =UA4*(1+UB4)*UE4*UG4*UI4*UB$28*(1+UI$25) -> 0 | UL4: =UK4*TJ$8 -> 0 | UM4: {=INDEX(云配队!$J4:$AC4,1,UM$1)} -> C觉追击 | UN4: {=IFERROR(MATCH(1,(动作!$A$3:$A$111=$D4)*EXACT(动作!$B$3:$B$111,UM4),0),1)} -> 28 | UO4: =$I4*(1+$J4+UO$25)+$K4+UP$25 -> 2123.475 | UP4: =$L4*(1+$M4+UQ$25)+$N4+UR$25 -> 21198.4 | UQ4: =$O4*(1+$P4+US$25)+$Q4+UT$25 -> 909 | UR4: =$U4+UU$25 -> 0 | US4: {=INDEX(动作!$C$3:$C$113,UN4)} -> 普攻 | UT4: {=INDEX(动作!$D$3:$D$113,UN4)} -> 追击 | UU4: {=INDEX(动作!$E$3:$E$113,UN4)*$AH4} -> 99.950231 | UV4: {=INDEX(动作!$F$3:$F$113,UN4)*$AH4} -> 0 | UW4: {=INDEX(动作!$G$3:$G$113,UN4)*$AH4} -> 0 | UX4: {=INDEX(动作!$H$3:$H$113,UN4)} -> 0 | UY4: {=INDEX(动作!$L$3:$L$113,UN4)*(1+UV$25)*UM$8} -> 0 | UZ4: {=INDEX(动作!$K$3:$K$113,UN4)*UM$8} -> 0 | VA4: {=INDEX(动作!$J$3:$J$113,UN4)*UM$8} -> 0 | VB4: {=INDEX(动作!$N$3:$N$113,UN4)*UM$8} -> 0 | VC4: =(SUM(VA$4:VA$7)*(0.6+UX$25)+VA4*(0.4-UX$25))*(1+$T4+UW$25)+VB4 -> 0 | VD4: =UO4*UU4%+UP4*UV4%+UQ4*UW4%+UX4 -> 2122.4182 | VE4: =IFERROR(OFFSET($X4,0,MATCH(US4,$Y$3:$AA$3,0)),0)+IF(UT4="心灵",$AB4,$X4)+IF(UT4="附着",$AC4,0)+IF(UT4="追击",$AD4,0)+VE$25+$W4+IF(UM$28,$AE$4,0)+VA9 -> 0.85 | VF4: =IF(UT4="DOT",50%,MIN($R4+VF$25+UY9,1)) -> 0.69 | VG4: =$S4+VG$25+UZ9 -> 1.36 | VH4: =1+VF4*VG4 -> 1.9384 | VI4: =1-$B$6+VI$25+IF($C$6=$F4,$C$8,0)+$AG4+VC9 -> 0.8 | VJ4: =IF(VI4<1,VI4,(VI4-1)*0.925+1) -> 0.8 | VK4: =MIN($AF4+VK$25+VB9,1) -> 0 | VL4: =IF(UT4="心灵",1,$B$4/($B$4+$C$4*(1-VK4))) -> 0.49723757 | VM4: {=INDEX(动作!$I$3:$I$113,UN4)} -> 0 | VN4: =VD4*(1+VE4)*VH4*VJ4*VL4*VE$28*(1+VL$25) -> 3027.6105 | VO4: =VN4*UM$8 -> 36331.326 | VP4: {=INDEX(云配队!$J4:$AC4,1,VP$1)} -> 0 | VQ4: {=IFERROR(MATCH(1,(动作!$A$3:$A$111=$D4)*EXACT(动作!$B$3:$B$111,VP4),0),1)} -> 1 | VR4: =$I4*(1+$J4+VR$25)+$K4+VS$25 -> 2123.475 | VS4: =$L4*(1+$M4+VT$25)+$N4+VU$25 -> 21198.4 | VT4: =$O4*(1+$P4+VV$25)+$Q4+VW$25 -> 909 | VU4: =$U4+VX$25 -> 0 | VV4: {=INDEX(动作!$C$3:$C$113,VQ4)} -> 无 | VW4: {=INDEX(动作!$D$3:$D$113,VQ4)} -> 0 | VX4: {=INDEX(动作!$E$3:$E$113,VQ4)*$AH4} -> 0 | VY4: {=INDEX(动作!$F$3:$F$113,VQ4)*$AH4} -> 0 | VZ4: {=INDEX(动作!$G$3:$G$113,VQ4)*$AH4} -> 0 | WA4: {=INDEX(动作!$H$3:$H$113,VQ4)} -> 0 | WB4: {=INDEX(动作!$L$3:$L$113,VQ4)*(1+VY$25)*VP$8} -> 0 | WC4: {=INDEX(动作!$K$3:$K$113,VQ4)*VP$8} -> 0 | WD4: {=INDEX(动作!$J$3:$J$113,VQ4)*VP$8} -> 0 | WE4: {=INDEX(动作!$N$3:$N$113,VQ4)*VP$8} -> 0 | WF4: =(SUM(WD$4:WD$7)*(0.6+WA$25)+WD4*(0.4-WA$25))*(1+$T4+VZ$25)+WE4 -> 0 | WG4: =VR4*VX4%+VS4*VY4%+VT4*VZ4%+WA4 -> 0 | WH4: =IFERROR(OFFSET($X4,0,MATCH(VV4,$Y$3:$AA$3,0)),0)+IF(VW4="心灵",$AB4,$X4)+IF(VW4="附着",$AC4,0)+IF(VW4="追击",$AD4,0)+WH$25+$W4+IF(VP$28,$AE$4,0)+WD9 -> 0.625 | WI4: =IF(VW4="DOT",50%,MIN($R4+WI$25+WB9,1)) -> 0.69 | WJ4: =$S4+WJ$25+WC9 -> 1.36 | WK4: =1+WI4*WJ4 -> 1.9384 | WL4: =1-$B$6+WL$25+IF($C$6=$F4,$C$8,0)+$AG4+WF9 -> 0.8 | WM4: =IF(WL4<1,WL4,(WL4-1)*0.925+1) -> 0.8 | WN4: =MIN($AF4+WN$25+WE9,1) -> 0.1675 | WO4: =IF(VW4="心灵",1,$B$4/($B$4+$C$4*(1-WN4))) -> 0.54296186 | WP4: {=INDEX(动作!$I$3:$I$113,VQ4)} -> 0 | WQ4: =WG4*(1+WH4)*WK4*WM4*WO4*WH$28*(1+WO$25) -> 0 | WR4: =WQ4*VP$8 -> 0
A5: 怪物等级 | B5: 怪物抗性 | C5: 怪物弱点 | D5: =云配队!F5 -> 主角 | E5: =MATCH($D5,角色!$A$3:$A$18,0) -> 1 | F5: =VLOOKUP($D5,配装!$A$3:$B$18,2,FALSE) -> 光 | G5: =MATCH(云配队!G5,弧盘!$A$3:$A$51,0) -> 6 | H5: =MATCH(云配队!H5,卡带!$A$3:$A$14,0) -> 1 | I5: {=INDEX(配装!D$3:D$18,$E5)} -> 1187.75 | J5: {=INDEX(配装!E$3:E$18,$E5)+INDEX(弧盘!$R$3:$R$51,G5)+INDEX(卡带!$O$3:$O$14,H5)} -> 1.025 | K5: {=INDEX(配装!F$3:F$18,$E5)} -> 420 | L5: {=INDEX(配装!H$3:H$18,$E5)} -> 15150 | M5: {=INDEX(配装!I$3:I$18,$E5)} -> 0 | N5: {=INDEX(配装!J$3:J$18,$E5)} -> 5200 | O5: {=INDEX(配装!L$3:L$18,$E5)} -> 909 | P5: {=INDEX(配装!M$3:M$18,$E5)} -> 0 | Q5: {=INDEX(配装!N$3:N$18,$E5)} -> 0 | R5: {=INDEX(配装!P$3:P$18,$E5)+INDEX(弧盘!P$3:P$51,$G5)+INDEX(卡带!M$3:M$14,$H5)} -> 0.15 | S5: {=INDEX(配装!Q$3:Q$18,$E5)+INDEX(弧盘!Q$3:Q$51,$G5)+INDEX(卡带!N$3:N$14,$H5)} -> 0.7 | T5: {=INDEX(配装!S$3:S$18,$E5)} -> 0.33 | U5: {=INDEX(配装!T$3:T$18,$E5)+INDEX(弧盘!V$3:V$51,$G5)} -> 270 | V5: {=INDEX(配装!U$3:U$18,$E5)+INDEX(弧盘!W$3:W$51,$G5)+IF(T11>=3,126,0)} -> 0 | W5: {=INDEX(角色!W$3:W$18,$E5)+INDEX(弧盘!X$3:X$51,$G5)+INDEX(卡带!Q$3:Q$15,$H5)+INDEX(配装!$AG$3:$AG$18,$E5)} -> 0.4 | X5: {=INDEX(配装!$R$3:$R$18,E5)+INDEX(弧盘!Y$3:Y$51,$G5)+INDEX(卡带!R$3:R$15,$H5)} -> 0.1 | Y5: {=INDEX(角色!Y$3:Y$18,$E5)+INDEX(弧盘!Z$3:Z$51,$G5)+INDEX(卡带!S$3:S$15,$H5)} -> 0 | Z5: {=INDEX(角色!Z$3:Z$18,$E5)+INDEX(弧盘!AA$3:AA$51,$G5)+INDEX(卡带!T$3:T$15,$H5)} -> 0 | AA5: {=INDEX(角色!AA$3:AA$18,$E5)+INDEX(弧盘!AB$3:AB$51,$G5)+INDEX(卡带!U$3:U$15,$H5)} -> 0.5 | AB5: {=INDEX(角色!AB$3:AB$18,$E5)+INDEX(弧盘!AC$3:AC$51,$G5)+INDEX(卡带!V$3:V$15,$H5)+INDEX(卡带!$I$3:$I$14,$H$4)} -> 0 | AC5: {=INDEX(角色!AC$3:AC$18,$E5)+INDEX(弧盘!AD$3:AD$51,$G5)} -> 0 | AD5: {=INDEX(角色!AD$3:AD$18,$E5)+INDEX(弧盘!AE$3:AE$51,$G5)} -> 0 | AE5: {=INDEX(角色!AE$3:AE$18,$E5)+INDEX(弧盘!AF$3:AF$51,$G5)} -> 0 | AF5: {=INDEX(角色!R$3:R$18,$E5)+INDEX(卡带!K$3:K$14,$H5)} -> 0 | AG5: {=INDEX(角色!S$3:S$18,$E5)+INDEX(卡带!L$3:L$14,$H5)} -> 0 | AH5: {=INDEX(配装!$AA$3:$AA$18,E5)} -> 2.158925 | AK5: {=INDEX(云配队!$J5:$AC5,1,AK$1)} -> e | AL5: {=IFERROR(MATCH(1,(动作!$A$3:$A$111=$D5)*EXACT(动作!$B$3:$B$111,AK5),0),1)} -> 3 | AM5: =$I5*(1+$J5+AM$25)+$K5+AN$25 -> 2914.275 | AN5: =$L5*(1+$M5+AO$25)+$N5+AP$25 -> 20350 | AO5: =$O5*(1+$P5+AQ$25)+$Q5+AR$25 -> 909 | AP5: =$U5+AS$25 -> 270 | AQ5: {=INDEX(动作!$C$3:$C$113,AL5)} -> E | AR5: {=INDEX(动作!$D$3:$D$113,AL5)} -> 0 | AS5: {=INDEX(动作!$E$3:$E$113,AL5)*$AH5} -> 647.6775 | AT5: {=INDEX(动作!$F$3:$F$113,AL5)*$AH5} -> 0 | AU5: {=INDEX(动作!$G$3:$G$113,AL5)*$AH5} -> 0 | AV5: {=INDEX(动作!$H$3:$H$113,AL5)} -> 0 | AW5: {=INDEX(动作!$L$3:$L$113,AL5)*(1+AT$25)*AK$8} -> 1.8 | AX5: {=INDEX(动作!$K$3:$K$113,AL5)*AK$8} -> 100 | AY5: {=INDEX(动作!$J$3:$J$113,AL5)*AK$8} -> 8.801 | AZ5: {=INDEX(动作!$N$3:$N$113,AL5)*AK$8} -> 8 | BA5: =(SUM(AY$4:AY$7)*(0.6+AV$25)+AY5*(0.4-AV$25))*(1+$T5+AU$25)+AZ5 -> 19.70533 | BB5: =AM5*AS5%+AN5*AT5%+AO5*AU5%+AV5 -> 18875.103 | BC5: =IFERROR(OFFSET($X5,0,MATCH(AQ5,$Y$3:$AA$3,0)),0)+IF(AR5="心灵",$AB5,$X5)+IF(AR5="附着",$AC5,0)+IF(AR5="追击",$AD5,0)+BC$25+$W5+IF(AK$28,$AE$4,0)+AY10 -> 0.5 | BD5: =IF(AR5="DOT",50%,MIN($R5+BD$25+AW10,1)) -> 0.15 | BE5: =$S5+BE$25+AX10 -> 0.7 | BF5: =1+BD5*BE5 -> 1.105 | BG5: =1-$B$6+BG$25+IF($C$6=$F5,$C$8,0)+$AG5+BA10 -> 0.8 | BH5: =IF(BG5<1,BG5,(BG5-1)*0.925+1) -> 0.8 | BI5: =MIN($AF5+BI$25+AZ10,1) -> 0.1675 | BJ5: =IF(AR5="心灵",1,$B$4/($B$4+$C$4*(1-BI5))) -> 0.54296186 | BK5: {=INDEX(动作!$I$3:$I$113,AL5)} -> 0.2 | BL5: =BB5*(1+BC5)*BF5*BH5*BJ5*BC$28*(1+BJ$25) -> 13589.46 | BM5: =BL5*AK$8 -> 13589.46 | BN5: {=INDEX(云配队!$J5:$AC5,1,BN$1)} -> q | BO5: {=IFERROR(MATCH(1,(动作!$A$3:$A$111=$D5)*EXACT(动作!$B$3:$B$111,BN5),0),1)} -> 5 | BP5: =$I5*(1+$J5+BP$25)+$K5+BQ$25 -> 2914.275 | BQ5: =$L5*(1+$M5+BR$25)+$N5+BS$25 -> 20350 | BR5: =$O5*(1+$P5+BT$25)+$Q5+BU$25 -> 909 | BS5: =$U5+BV$25 -> 270 | BT5: {=INDEX(动作!$C$3:$C$113,BO5)} -> Q | BU5: {=INDEX(动作!$D$3:$D$113,BO5)} -> 0 | BV5: {=INDEX(动作!$E$3:$E$113,BO5)*$AH5} -> 1079.4625 | BW5: {=INDEX(动作!$F$3:$F$113,BO5)*$AH5} -> 0 | BX5: {=INDEX(动作!$G$3:$G$113,BO5)*$AH5} -> 0 | BY5: {=INDEX(动作!$H$3:$H$113,BO5)} -> 0 | BZ5: {=INDEX(动作!$L$3:$L$113,BO5)*(1+BW$25)*BN$8} -> 1.001167 | CA5: {=INDEX(动作!$K$3:$K$113,BO5)*BN$8} -> 0 | CB5: {=INDEX(动作!$J$3:$J$113,BO5)*BN$8} -> 0 | CC5: {=INDEX(动作!$N$3:$N$113,BO5)*BN$8} -> 0 | CD5: =(SUM(CB$4:CB$7)*(0.6+BY$25)+CB5*(0.4-BY$25))*(1+$T5+BX$25)+CC5 -> 0 | CE5: =BP5*BV5%+BQ5*BW5%+BR5*BX5%+BY5 -> 31458.506 | CF5: =IFERROR(OFFSET($X5,0,MATCH(BT5,$Y$3:$AA$3,0)),0)+IF(BU5="心灵",$AB5,$X5)+IF(BU5="附着",$AC5,0)+IF(BU5="追击",$AD5,0)+CF$25+$W5+IF(BN$28,$AE$4,0)+CB10 -> 1 | CG5: =IF(BU5="DOT",50%,MIN($R5+CG$25+BZ10,1)) -> 0.65 | CH5: =$S5+CH$25+CA10 -> 0.7 | CI5: =1+CG5*CH5 -> 1.455 | CJ5: =1-$B$6+CJ$25+IF($C$6=$F5,$C$8,0)+$AG5+CD10 -> 0.8 | CK5: =IF(CJ5<1,CJ5,(CJ5-1)*0.925+1) -> 0.8 | CL5: =MIN($AF5+CL$25+CC10,1) -> 0.25 | CM5: =IF(BU5="心灵",1,$B$4/($B$4+$C$4*(1-CL5))) -> 0.56872038 | CN5: {=INDEX(动作!$I$3:$I$113,BO5)} -> 0 | CO5: =CE5*(1+CF5)*CI5*CK5*CM5*CF$28*(1+CM$25) -> 41650.465 | CP5: =CO5*BN$8 -> 27780.86 | CQ5: {=INDEX(云配队!$J5:$AC5,1,CQ$1)} -> 0 | CR5: {=IFERROR(MATCH(1,(动作!$A$3:$A$111=$D5)*EXACT(动作!$B$3:$B$111,CQ5),0),1)} -> 1 | CS5: =$I5*(1+$J5+CS$25)+$K5+CT$25 -> 2914.275 | CT5: =$L5*(1+$M5+CU$25)+$N5+CV$25 -> 20350 | CU5: =$O5*(1+$P5+CW$25)+$Q5+CX$25 -> 909 | CV5: =$U5+CY$25 -> 270 | CW5: {=INDEX(动作!$C$3:$C$113,CR5)} -> 无 | CX5: {=INDEX(动作!$D$3:$D$113,CR5)} -> 0 | CY5: {=INDEX(动作!$E$3:$E$113,CR5)*$AH5} -> 0 | CZ5: {=INDEX(动作!$F$3:$F$113,CR5)*$AH5} -> 0 | DA5: {=INDEX(动作!$G$3:$G$113,CR5)*$AH5} -> 0 | DB5: {=INDEX(动作!$H$3:$H$113,CR5)} -> 0 | DC5: {=INDEX(动作!$L$3:$L$113,CR5)*(1+CZ$25)*CQ$8} -> 0 | DD5: {=INDEX(动作!$K$3:$K$113,CR5)*CQ$8} -> 0 | DE5: {=INDEX(动作!$J$3:$J$113,CR5)*CQ$8} -> 0 | DF5: {=INDEX(动作!$N$3:$N$113,CR5)*CQ$8} -> 0 | DG5: =(SUM(DE$4:DE$7)*(0.6+DB$25)+DE5*(0.4-DB$25))*(1+$T5+DA$25)+DF5 -> 5.0274 | DH5: =CS5*CY5%+CT5*CZ5%+CU5*DA5%+DB5 -> 0 | DI5: =IFERROR(OFFSET($X5,0,MATCH(CW5,$Y$3:$AA$3,0)),0)+IF(CX5="心灵",$AB5,$X5)+IF(CX5="附着",$AC5,0)+IF(CX5="追击",$AD5,0)+DI$25+$W5+IF(CQ$28,$AE$4,0)+DE10 -> 0.5 | DJ5: =IF(CX5="DOT",50%,MIN($R5+DJ$25+DC10,1)) -> 0.15 | DK5: =$S5+DK$25+DD10 -> 1 | DL5: =1+DJ5*DK5 -> 1.15 | DM5: =1-$B$6+DM$25+IF($C$6=$F5,$C$8,0)+$AG5+DG10 -> 0.8 | DN5: =IF(DM5<1,DM5,(DM5-1)*0.925+1) -> 0.8 | DO5: =MIN($AF5+DO$25+DF10,1) -> 0 | DP5: =IF(CX5="心灵",1,$B$4/($B$4+$C$4*(1-DO5))) -> 0.49723757 | DQ5: {=INDEX(动作!$I$3:$I$113,CR5)} -> 0 | DR5: =DH5*(1+DI5)*DL5*DN5*DP5*DI$28*(1+DP$25) -> 0 | DS5: =DR5*CQ$8 -> 0 | DT5: {=INDEX(云配队!$J5:$AC5,1,DT$1)} -> 0 | DU5: {=IFERROR(MATCH(1,(动作!$A$3:$A$111=$D5)*EXACT(动作!$B$3:$B$111,DT5),0),1)} -> 1 | DV5: =$I5*(1+$J5+DV$25)+$K5+DW$25 -> 2914.275 | DW5: =$L5*(1+$M5+DX$25)+$N5+DY$25 -> 20350 | DX5: =$O5*(1+$P5+DZ$25)+$Q5+EA$25 -> 909 | DY5: =$U5+EB$25 -> 270 | DZ5: {=INDEX(动作!$C$3:$C$113,DU5)} -> 无 | EA5: {=INDEX(动作!$D$3:$D$113,DU5)} -> 0 | EB5: {=INDEX(动作!$E$3:$E$113,DU5)*$AH5} -> 0 | EC5: {=INDEX(动作!$F$3:$F$113,DU5)*$AH5} -> 0 | ED5: {=INDEX(动作!$G$3:$G$113,DU5)*$AH5} -> 0 | EE5: {=INDEX(动作!$H$3:$H$113,DU5)} -> 0 | EF5: {=INDEX(动作!$L$3:$L$113,DU5)*(1+EC$25)*DT$8} -> 0 | EG5: {=INDEX(动作!$K$3:$K$113,DU5)*DT$8} -> 0 | EH5: {=INDEX(动作!$J$3:$J$113,DU5)*DT$8} -> 0 | EI5: {=INDEX(动作!$N$3:$N$113,DU5)*DT$8} -> 0 | EJ5: =(SUM(EH$4:EH$7)*(0.6+EE$25)+EH5*(0.4-EE$25))*(1+$T5+ED$25)+EI5 -> 0 | EK5: =DV5*EB5%+DW5*EC5%+DX5*ED5%+EE5 -> 0 | EL5: =IFERROR(OFFSET($X5,0,MATCH(DZ5,$Y$3:$AA$3,0)),0)+IF(EA5="心灵",$AB5,$X5)+IF(EA5="附着",$AC5,0)+IF(EA5="追击",$AD5,0)+EL$25+$W5+IF(DT$28,$AE$4,0)+EH10 -> 0.6 | EM5: =IF(EA5="DOT",50%,MIN($R5+EM$25+EF10,1)) -> 0.15 | EN5: =$S5+EN$25+EG10 -> 1 | EO5: =1+EM5*EN5 -> 1.15 | EP5: =1-$B$6+EP$25+IF($C$6=$F5,$C$8,0)+$AG5+EJ10 -> 0.8 | EQ5: =IF(EP5<1,EP5,(EP5-1)*0.925+1) -> 0.8 | ER5: =MIN($AF5+ER$25+EI10,1) -> 0 | ES5: =IF(EA5="心灵",1,$B$4/($B$4+$C$4*(1-ER5))) -> 0.49723757 | ET5: {=INDEX(动作!$I$3:$I$113,DU5)} -> 0 | EU5: =EK5*(1+EL5)*EO5*EQ5*ES5*EL$28*(1+ES$25) -> 0 | EV5: =EU5*DT$8 -> 0 | EW5: {=INDEX(云配队!$J5:$AC5,1,EW$1)} -> 0 | EX5: {=IFERROR(MATCH(1,(动作!$A$3:$A$111=$D5)*EXACT(动作!$B$3:$B$111,EW5),0),1)} -> 1 | EY5: =$I5*(1+$J5+EY$25)+$K5+EZ$25 -> 2914.275 | EZ5: =$L5*(1+$M5+FA$25)+$N5+FB$25 -> 20350 | FA5: =$O5*(1+$P5+FC$25)+$Q5+FD$25 -> 909 | FB5: =$U5+FE$25 -> 270 | FC5: {=INDEX(动作!$C$3:$C$113,EX5)} -> 无 | FD5: {=INDEX(动作!$D$3:$D$113,EX5)} -> 0 | FE5: {=INDEX(动作!$E$3:$E$113,EX5)*$AH5} -> 0 | FF5: {=INDEX(动作!$F$3:$F$113,EX5)*$AH5} -> 0 | FG5: {=INDEX(动作!$G$3:$G$113,EX5)*$AH5} -> 0 | FH5: {=INDEX(动作!$H$3:$H$113,EX5)} -> 0 | FI5: {=INDEX(动作!$L$3:$L$113,EX5)*(1+FF$25)*EW$8} -> 0 | FJ5: {=INDEX(动作!$K$3:$K$113,EX5)*EW$8} -> 0 | FK5: {=INDEX(动作!$J$3:$J$113,EX5)*EW$8} -> 0 | FL5: {=INDEX(动作!$N$3:$N$113,EX5)*EW$8} -> 0 | FM5: =(SUM(FK$4:FK$7)*(0.6+FH$25)+FK5*(0.4-FH$25))*(1+$T5+FG$25)+FL5 -> 26.492004 | FN5: =EY5*FE5%+EZ5*FF5%+FA5*FG5%+FH5 -> 0 | FO5: =IFERROR(OFFSET($X5,0,MATCH(FC5,$Y$3:$AA$3,0)),0)+IF(FD5="心灵",$AB5,$X5)+IF(FD5="附着",$AC5,0)+IF(FD5="追击",$AD5,0)+FO$25+$W5+IF(EW$28,$AE$4,0)+FK10 -> 0.6875 | FP5: =IF(FD5="DOT",50%,MIN($R5+FP$25+FI10,1)) -> 0.15 | FQ5: =$S5+FQ$25+FJ10 -> 1 | FR5: =1+FP5*FQ5 -> 1.15 | FS5: =1-$B$6+FS$25+IF($C$6=$F5,$C$8,0)+$AG5+FM10 -> 0.8 | FT5: =IF(FS5<1,FS5,(FS5-1)*0.925+1) -> 0.8 | FU5: =MIN($AF5+FU$25+FL10,1) -> 0 | FV5: =IF(FD5="心灵",1,$B$4/($B$4+$C$4*(1-FU5))) -> 0.49723757 | FW5: {=INDEX(动作!$I$3:$I$113,EX5)} -> 0 | FX5: =FN5*(1+FO5)*FR5*FT5*FV5*FO$28*(1+FV$25) -> 0 | FY5: =FX5*EW$8 -> 0 | FZ5: {=INDEX(云配队!$J5:$AC5,1,FZ$1)} -> 0 | GA5: {=IFERROR(MATCH(1,(动作!$A$3:$A$111=$D5)*EXACT(动作!$B$3:$B$111,FZ5),0),1)} -> 1 | GB5: =$I5*(1+$J5+GB$25)+$K5+GC$25 -> 2914.275 | GC5: =$L5*(1+$M5+GD$25)+$N5+GE$25 -> 20350 | GD5: =$O5*(1+$P5+GF$25)+$Q5+GG$25 -> 909 | GE5: =$U5+GH$25 -> 270 | GF5: {=INDEX(动作!$C$3:$C$113,GA5)} -> 无 | GG5: {=INDEX(动作!$D$3:$D$113,GA5)} -> 0 | GH5: {=INDEX(动作!$E$3:$E$113,GA5)*$AH5} -> 0 | GI5: {=INDEX(动作!$F$3:$F$113,GA5)*$AH5} -> 0 | GJ5: {=INDEX(动作!$G$3:$G$113,GA5)*$AH5} -> 0 | GK5: {=INDEX(动作!$H$3:$H$113,GA5)} -> 0 | GL5: {=INDEX(动作!$L$3:$L$113,GA5)*(1+GI$25)*FZ$8} -> 0 | GM5: {=INDEX(动作!$K$3:$K$113,GA5)*FZ$8} -> 0 | GN5: {=INDEX(动作!$J$3:$J$113,GA5)*FZ$8} -> 0 | GO5: {=INDEX(动作!$N$3:$N$113,GA5)*FZ$8} -> 0 | GP5: =(SUM(GN$4:GN$7)*(0.6+GK$25)+GN5*(0.4-GK$25))*(1+$T5+GJ$25)+GO5 -> 0 | GQ5: =GB5*GH5%+GC5*GI5%+GD5*GJ5%+GK5 -> 0 | GR5: =IFERROR(OFFSET($X5,0,MATCH(GF5,$Y$3:$AA$3,0)),0)+IF(GG5="心灵",$AB5,$X5)+IF(GG5="附着",$AC5,0)+IF(GG5="追击",$AD5,0)+GR$25+$W5+IF(FZ$28,$AE$4,0)+GN10 -> 0.75 | GS5: =IF(GG5="DOT",50%,MIN($R5+GS$25+GL10,1)) -> 0.15 | GT5: =$S5+GT$25+GM10 -> 1 | GU5: =1+GS5*GT5 -> 1.15 | GV5: =1-$B$6+GV$25+IF($C$6=$F5,$C$8,0)+$AG5+GP10 -> 0.8 | GW5: =IF(GV5<1,GV5,(GV5-1)*0.925+1) -> 0.8 | GX5: =MIN($AF5+GX$25+GO10,1) -> 0 | GY5: =IF(GG5="心灵",1,$B$4/($B$4+$C$4*(1-GX5))) -> 0.49723757 | GZ5: {=INDEX(动作!$I$3:$I$113,GA5)} -> 0 | HA5: =GQ5*(1+GR5)*GU5*GW5*GY5*GR$28*(1+GY$25) -> 0 | HB5: =HA5*FZ$8 -> 0 | HC5: {=INDEX(云配队!$J5:$AC5,1,HC$1)} -> 0 | HD5: {=IFERROR(MATCH(1,(动作!$A$3:$A$111=$D5)*EXACT(动作!$B$3:$B$111,HC5),0),1)} -> 1 | HE5: =$I5*(1+$J5+HE$25)+$K5+HF$25 -> 2914.275 | HF5: =$L5*(1+$M5+HG$25)+$N5+HH$25 -> 20350 | HG5: =$O5*(1+$P5+HI$25)+$Q5+HJ$25 -> 909 | HH5: =$U5+HK$25 -> 270 | HI5: {=INDEX(动作!$C$3:$C$113,HD5)} -> 无 | HJ5: {=INDEX(动作!$D$3:$D$113,HD5)} -> 0 | HK5: {=INDEX(动作!$E$3:$E$113,HD5)*$AH5} -> 0 | HL5: {=INDEX(动作!$F$3:$F$113,HD5)*$AH5} -> 0 | HM5: {=INDEX(动作!$G$3:$G$113,HD5)*$AH5} -> 0 | HN5: {=INDEX(动作!$H$3:$H$113,HD5)} -> 0 | HO5: {=INDEX(动作!$L$3:$L$113,HD5)*(1+HL$25)*HC$8} -> 0 | HP5: {=INDEX(动作!$K$3:$K$113,HD5)*HC$8} -> 0 | HQ5: {=INDEX(动作!$J$3:$J$113,HD5)*HC$8} -> 0 | HR5: {=INDEX(动作!$N$3:$N$113,HD5)*HC$8} -> 0 | HS5: =(SUM(HQ$4:HQ$7)*(0.6+HN$25)+HQ5*(0.4-HN$25))*(1+$T5+HM$25)+HR5 -> 10.0548 | HT5: =HE5*HK5%+HF5*HL5%+HG5*HM5%+HN5 -> 0 | HU5: =IFERROR(OFFSET($X5,0,MATCH(HI5,$Y$3:$AA$3,0)),0)+IF(HJ5="心灵",$AB5,$X5)+IF(HJ5="附着",$AC5,0)+IF(HJ5="追击",$AD5,0)+HU$25+$W5+IF(HC$28,$AE$4,0)+HQ10 -> 0.575 | HV5: =IF(HJ5="DOT",50%,MIN($R5+HV$25+HO10,1)) -> 0.15 | HW5: =$S5+HW$25+HP10 -> 1 | HX5: =1+HV5*HW5 -> 1.15 | HY5: =1-$B$6+HY$25+IF($C$6=$F5,$C$8,0)+$AG5+HS10 -> 0.8 | HZ5: =IF(HY5<1,HY5,(HY5-1)*0.925+1) -> 0.8 | IA5: =MIN($AF5+IA$25+HR10,1) -> 0 | IB5: =IF(HJ5="心灵",1,$B$4/($B$4+$C$4*(1-IA5))) -> 0.49723757 | IC5: {=INDEX(动作!$I$3:$I$113,HD5)} -> 0 | ID5: =HT5*(1+HU5)*HX5*HZ5*IB5*HU$28*(1+IB$25) -> 0 | IE5: =ID5*HC$8 -> 0 | IF5: {=INDEX(云配队!$J5:$AC5,1,IF$1)} -> 0 | IG5: {=IFERROR(MATCH(1,(动作!$A$3:$A$111=$D5)*EXACT(动作!$B$3:$B$111,IF5),0),1)} -> 1 | IH5: =$I5*(1+$J5+IH$25)+$K5+II$25 -> 2914.275 | II5: =$L5*(1+$M5+IJ$25)+$N5+IK$25 -> 20350 | IJ5: =$O5*(1+$P5+IL$25)+$Q5+IM$25 -> 909 | IK5: =$U5+IN$25 -> 270 | IL5: {=INDEX(动作!$C$3:$C$113,IG5)} -> 无 | IM5: {=INDEX(动作!$D$3:$D$113,IG5)} -> 0 | IN5: {=INDEX(动作!$E$3:$E$113,IG5)*$AH5} -> 0 | IO5: {=INDEX(动作!$F$3:$F$113,IG5)*$AH5} -> 0 | IP5: {=INDEX(动作!$G$3:$G$113,IG5)*$AH5} -> 0 | IQ5: {=INDEX(动作!$H$3:$H$113,IG5)} -> 0 | IR5: {=INDEX(动作!$L$3:$L$113,IG5)*(1+IO$25)*IF$8} -> 0 | IS5: {=INDEX(动作!$K$3:$K$113,IG5)*IF$8} -> 0 | IT5: {=INDEX(动作!$J$3:$J$113,IG5)*IF$8} -> 0 | IU5: {=INDEX(动作!$N$3:$N$113,IG5)*IF$8} -> 0 | IV5: =(SUM(IT$4:IT$7)*(0.6+IQ$25)+IT5*(0.4-IQ$25))*(1+$T5+IP$25)+IU5 -> 0 | IW5: =IH5*IN5%+II5*IO5%+IJ5*IP5%+IQ5 -> 0 | IX5: =IFERROR(OFFSET($X5,0,MATCH(IL5,$Y$3:$AA$3,0)),0)+IF(IM5="心灵",$AB5,$X5)+IF(IM5="附着",$AC5,0)+IF(IM5="追击",$AD5,0)+IX$25+$W5+IF(IF$28,$AE$4,0)+IT10 -> 0.75 | IY5: =IF(IM5="DOT",50%,MIN($R5+IY$25+IR10,1)) -> 0.15 | IZ5: =$S5+IZ$25+IS10 -> 1 | JA5: =1+IY5*IZ5 -> 1.15 | JB5: =1-$B$6+JB$25+IF($C$6=$F5,$C$8,0)+$AG5+IV10 -> 0.8 | JC5: =IF(JB5<1,JB5,(JB5-1)*0.925+1) -> 0.8 | JD5: =MIN($AF5+JD$25+IU10,1) -> 0 | JE5: =IF(IM5="心灵",1,$B$4/($B$4+$C$4*(1-JD5))) -> 0.49723757 | JF5: {=INDEX(动作!$I$3:$I$113,IG5)} -> 0 | JG5: =IW5*(1+IX5)*JA5*JC5*JE5*IX$28*(1+JE$25) -> 0 | JH5: =JG5*IF$8 -> 0 | JI5: {=INDEX(云配队!$J5:$AC5,1,JI$1)} -> 0 | JJ5: {=IFERROR(MATCH(1,(动作!$A$3:$A$111=$D5)*EXACT(动作!$B$3:$B$111,JI5),0),1)} -> 1 | JK5: =$I5*(1+$J5+JK$25)+$K5+JL$25 -> 2914.275 | JL5: =$L5*(1+$M5+JM$25)+$N5+JN$25 -> 20350 | JM5: =$O5*(1+$P5+JO$25)+$Q5+JP$25 -> 909 | JN5: =$U5+JQ$25 -> 270 | JO5: {=INDEX(动作!$C$3:$C$113,JJ5)} -> 无 | JP5: {=INDEX(动作!$D$3:$D$113,JJ5)} -> 0 | JQ5: {=INDEX(动作!$E$3:$E$113,JJ5)*$AH5} -> 0 | JR5: {=INDEX(动作!$F$3:$F$113,JJ5)*$AH5} -> 0 | JS5: {=INDEX(动作!$G$3:$G$113,JJ5)*$AH5} -> 0 | JT5: {=INDEX(动作!$H$3:$H$113,JJ5)} -> 0 | JU5: {=INDEX(动作!$L$3:$L$113,JJ5)*(1+JR$25)*JI$8} -> 0 | JV5: {=INDEX(动作!$K$3:$K$113,JJ5)*JI$8} -> 0 | JW5: {=INDEX(动作!$J$3:$J$113,JJ5)*JI$8} -> 0 | JX5: {=INDEX(动作!$N$3:$N$113,JJ5)*JI$8} -> 0 | JY5: =(SUM(JW$4:JW$7)*(0.6+JT$25)+JW5*(0.4-JT$25))*(1+$T5+JS$25)+JX5 -> 0 | JZ5: =JK5*JQ5%+JL5*JR5%+JM5*JS5%+JT5 -> 0 | KA5: =IFERROR(OFFSET($X5,0,MATCH(JO5,$Y$3:$AA$3,0)),0)+IF(JP5="心灵",$AB5,$X5)+IF(JP5="附着",$AC5,0)+IF(JP5="追击",$AD5,0)+KA$25+$W5+IF(JI$28,$AE$4,0)+JW10 -> 0.5 | KB5: =IF(JP5="DOT",50%,MIN($R5+KB$25+JU10,1)) -> 0.15 | KC5: =$S5+KC$25+JV10 -> 0.7 | KD5: =1+KB5*KC5 -> 1.105 | KE5: =1-$B$6+KE$25+IF($C$6=$F5,$C$8,0)+$AG5+JY10 -> 0.8 | KF5: =IF(KE5<1,KE5,(KE5-1)*0.925+1) -> 0.8 | KG5: =MIN($AF5+KG$25+JX10,1) -> 0 | KH5: =IF(JP5="心灵",1,$B$4/($B$4+$C$4*(1-KG5))) -> 0.49723757 | KI5: {=INDEX(动作!$I$3:$I$113,JJ5)} -> 0 | KJ5: =JZ5*(1+KA5)*KD5*KF5*KH5*KA$28*(1+KH$25) -> 0 | KK5: =KJ5*JI$8 -> 0 | KL5: {=INDEX(云配队!$J5:$AC5,1,KL$1)} -> 0 | KM5: {=IFERROR(MATCH(1,(动作!$A$3:$A$111=$D5)*EXACT(动作!$B$3:$B$111,KL5),0),1)} -> 1 | KN5: =$I5*(1+$J5+KN$25)+$K5+KO$25 -> 2914.275 | KO5: =$L5*(1+$M5+KP$25)+$N5+KQ$25 -> 20350 | KP5: =$O5*(1+$P5+KR$25)+$Q5+KS$25 -> 909 | KQ5: =$U5+KT$25 -> 270 | KR5: {=INDEX(动作!$C$3:$C$113,KM5)} -> 无 | KS5: {=INDEX(动作!$D$3:$D$113,KM5)} -> 0 | KT5: {=INDEX(动作!$E$3:$E$113,KM5)*$AH5} -> 0 | KU5: {=INDEX(动作!$F$3:$F$113,KM5)*$AH5} -> 0 | KV5: {=INDEX(动作!$G$3:$G$113,KM5)*$AH5} -> 0 | KW5: {=INDEX(动作!$H$3:$H$113,KM5)} -> 0 | KX5: {=INDEX(动作!$L$3:$L$113,KM5)*(1+KU$25)*KL$8} -> 0 | KY5: {=INDEX(动作!$K$3:$K$113,KM5)*KL$8} -> 0 | KZ5: {=INDEX(动作!$J$3:$J$113,KM5)*KL$8} -> 0 | LA5: {=INDEX(动作!$N$3:$N$113,KM5)*KL$8} -> 0 | LB5: =(SUM(KZ$4:KZ$7)*(0.6+KW$25)+KZ5*(0.4-KW$25))*(1+$T5+KV$25)+LA5 -> 0 | LC5: =KN5*KT5%+KO5*KU5%+KP5*KV5%+KW5 -> 0 | LD5: =IFERROR(OFFSET($X5,0,MATCH(KR5,$Y$3:$AA$3,0)),0)+IF(KS5="心灵",$AB5,$X5)+IF(KS5="附着",$AC5,0)+IF(KS5="追击",$AD5,0)+LD$25+$W5+IF(KL$28,$AE$4,0)+KZ10 -> 1.2 | LE5: =IF(KS5="DOT",50%,MIN($R5+LE$25+KX10,1)) -> 0.15 | LF5: =$S5+LF$25+KY10 -> 0.7 | LG5: =1+LE5*LF5 -> 1.105 | LH5: =1-$B$6+LH$25+IF($C$6=$F5,$C$8,0)+$AG5+LB10 -> 0.8 | LI5: =IF(LH5<1,LH5,(LH5-1)*0.925+1) -> 0.8 | LJ5: =MIN($AF5+LJ$25+LA10,1) -> 0 | LK5: =IF(KS5="心灵",1,$B$4/($B$4+$C$4*(1-LJ5))) -> 0.49723757 | LL5: {=INDEX(动作!$I$3:$I$113,KM5)} -> 0 | LM5: =LC5*(1+LD5)*LG5*LI5*LK5*LD$28*(1+LK$25) -> 0 | LN5: =LM5*KL$8 -> 0 | LO5: {=INDEX(云配队!$J5:$AC5,1,LO$1)} -> 0 | LP5: {=IFERROR(MATCH(1,(动作!$A$3:$A$111=$D5)*EXACT(动作!$B$3:$B$111,LO5),0),1)} -> 1 | LQ5: =$I5*(1+$J5+LQ$25)+$K5+LR$25 -> 2914.275 | LR5: =$L5*(1+$M5+LS$25)+$N5+LT$25 -> 20350 | LS5: =$O5*(1+$P5+LU$25)+$Q5+LV$25 -> 909 | LT5: =$U5+LW$25 -> 270 | LU5: {=INDEX(动作!$C$3:$C$113,LP5)} -> 无 | LV5: {=INDEX(动作!$D$3:$D$113,LP5)} -> 0 | LW5: {=INDEX(动作!$E$3:$E$113,LP5)*$AH5} -> 0 | LX5: {=INDEX(动作!$F$3:$F$113,LP5)*$AH5} -> 0 | LY5: {=INDEX(动作!$G$3:$G$113,LP5)*$AH5} -> 0 | LZ5: {=INDEX(动作!$H$3:$H$113,LP5)} -> 0 | MA5: {=INDEX(动作!$L$3:$L$113,LP5)*(1+LX$25)*LO$8} -> 0 | MB5: {=INDEX(动作!$K$3:$K$113,LP5)*LO$8} -> 0 | MC5: {=INDEX(动作!$J$3:$J$113,LP5)*LO$8} -> 0 | MD5: {=INDEX(动作!$N$3:$N$113,LP5)*LO$8} -> 0 | ME5: =(SUM(MC$4:MC$7)*(0.6+LZ$25)+MC5*(0.4-LZ$25))*(1+$T5+LY$25)+MD5 -> 9.576 | MF5: =LQ5*LW5%+LR5*LX5%+LS5*LY5%+LZ5 -> 0 | MG5: =IFERROR(OFFSET($X5,0,MATCH(LU5,$Y$3:$AA$3,0)),0)+IF(LV5="心灵",$AB5,$X5)+IF(LV5="附着",$AC5,0)+IF(LV5="追击",$AD5,0)+MG$25+$W5+IF(LO$28,$AE$4,0)+MC10 -> 0.85 | MH5: =IF(LV5="DOT",50%,MIN($R5+MH$25+MA10,1)) -> 0.15 | MI5: =$S5+MI$25+MB10 -> 0.7 | MJ5: =1+MH5*MI5 -> 1.105 | MK5: =1-$B$6+MK$25+IF($C$6=$F5,$C$8,0)+$AG5+ME10 -> 0.8 | ML5: =IF(MK5<1,MK5,(MK5-1)*0.925+1) -> 0.8 | MM5: =MIN($AF5+MM$25+MD10,1) -> 0 | MN5: =IF(LV5="心灵",1,$B$4/($B$4+$C$4*(1-MM5))) -> 0.49723757 | MO5: {=INDEX(动作!$I$3:$I$113,LP5)} -> 0 | MP5: =MF5*(1+MG5)*MJ5*ML5*MN5*MG$28*(1+MN$25) -> 0 | MQ5: =MP5*LO$8 -> 0 | MR5: {=INDEX(云配队!$J5:$AC5,1,MR$1)} -> 0 | MS5: {=IFERROR(MATCH(1,(动作!$A$3:$A$111=$D5)*EXACT(动作!$B$3:$B$111,MR5),0),1)} -> 1 | MT5: =$I5*(1+$J5+MT$25)+$K5+MU$25 -> 2914.275 | MU5: =$L5*(1+$M5+MV$25)+$N5+MW$25 -> 20350 | MV5: =$O5*(1+$P5+MX$25)+$Q5+MY$25 -> 909 | MW5: =$U5+MZ$25 -> 270 | MX5: {=INDEX(动作!$C$3:$C$113,MS5)} -> 无 | MY5: {=INDEX(动作!$D$3:$D$113,MS5)} -> 0 | MZ5: {=INDEX(动作!$E$3:$E$113,MS5)*$AH5} -> 0 | NA5: {=INDEX(动作!$F$3:$F$113,MS5)*$AH5} -> 0 | NB5: {=INDEX(动作!$G$3:$G$113,MS5)*$AH5} -> 0 | NC5: {=INDEX(动作!$H$3:$H$113,MS5)} -> 0 | ND5: {=INDEX(动作!$L$3:$L$113,MS5)*(1+NA$25)*MR$8} -> 0 | NE5: {=INDEX(动作!$K$3:$K$113,MS5)*MR$8} -> 0 | NF5: {=INDEX(动作!$J$3:$J$113,MS5)*MR$8} -> 0 | NG5: {=INDEX(动作!$N$3:$N$113,MS5)*MR$8} -> 0 | NH5: =(SUM(NF$4:NF$7)*(0.6+NC$25)+NF5*(0.4-NC$25))*(1+$T5+NB$25)+NG5 -> 0 | NI5: =MT5*MZ5%+MU5*NA5%+MV5*NB5%+NC5 -> 0 | NJ5: =IFERROR(OFFSET($X5,0,MATCH(MX5,$Y$3:$AA$3,0)),0)+IF(MY5="心灵",$AB5,$X5)+IF(MY5="附着",$AC5,0)+IF(MY5="追击",$AD5,0)+NJ$25+$W5+IF(MR$28,$AE$4,0)+NF10 -> 0.5 | NK5: =IF(MY5="DOT",50%,MIN($R5+NK$25+ND10,1)) -> 0.15 | NL5: =$S5+NL$25+NE10 -> 0.7 | NM5: =1+NK5*NL5 -> 1.105 | NN5: =1-$B$6+NN$25+IF($C$6=$F5,$C$8,0)+$AG5+NH10 -> 0.8 | NO5: =IF(NN5<1,NN5,(NN5-1)*0.925+1) -> 0.8 | NP5: =MIN($AF5+NP$25+NG10,1) -> 0 | NQ5: =IF(MY5="心灵",1,$B$4/($B$4+$C$4*(1-NP5))) -> 0.49723757 | NR5: {=INDEX(动作!$I$3:$I$113,MS5)} -> 0 | NS5: =NI5*(1+NJ5)*NM5*NO5*NQ5*NJ$28*(1+NQ$25) -> 0 | NT5: =NS5*MR$8 -> 0 | NU5: {=INDEX(云配队!$J5:$AC5,1,NU$1)} -> 0 | NV5: {=IFERROR(MATCH(1,(动作!$A$3:$A$111=$D5)*EXACT(动作!$B$3:$B$111,NU5),0),1)} -> 1 | NW5: =$I5*(1+$J5+NW$25)+$K5+NX$25 -> 2914.275 | NX5: =$L5*(1+$M5+NY$25)+$N5+NZ$25 -> 20350 | NY5: =$O5*(1+$P5+OA$25)+$Q5+OB$25 -> 909 | NZ5: =$U5+OC$25 -> 270 | OA5: {=INDEX(动作!$C$3:$C$113,NV5)} -> 无 | OB5: {=INDEX(动作!$D$3:$D$113,NV5)} -> 0 | OC5: {=INDEX(动作!$E$3:$E$113,NV5)*$AH5} -> 0 | OD5: {=INDEX(动作!$F$3:$F$113,NV5)*$AH5} -> 0 | OE5: {=INDEX(动作!$G$3:$G$113,NV5)*$AH5} -> 0 | OF5: {=INDEX(动作!$H$3:$H$113,NV5)} -> 0 | OG5: {=INDEX(动作!$L$3:$L$113,NV5)*(1+OD$25)*NU$8} -> 0 | OH5: {=INDEX(动作!$K$3:$K$113,NV5)*NU$8} -> 0 | OI5: {=INDEX(动作!$J$3:$J$113,NV5)*NU$8} -> 0 | OJ5: {=INDEX(动作!$N$3:$N$113,NV5)*NU$8} -> 0 | OK5: =(SUM(OI$4:OI$7)*(0.6+OF$25)+OI5*(0.4-OF$25))*(1+$T5+OE$25)+OJ5 -> 0 | OL5: =NW5*OC5%+NX5*OD5%+NY5*OE5%+OF5 -> 0 | OM5: =IFERROR(OFFSET($X5,0,MATCH(OA5,$Y$3:$AA$3,0)),0)+IF(OB5="心灵",$AB5,$X5)+IF(OB5="附着",$AC5,0)+IF(OB5="追击",$AD5,0)+OM$25+$W5+IF(NU$28,$AE$4,0)+OI10 -> 0.5 | ON5: =IF(OB5="DOT",50%,MIN($R5+ON$25+OG10,1)) -> 0.15 | OO5: =$S5+OO$25+OH10 -> 0.7 | OP5: =1+ON5*OO5 -> 1.105 | OQ5: =1-$B$6+OQ$25+IF($C$6=$F5,$C$8,0)+$AG5+OK10 -> 0.8 | OR5: =IF(OQ5<1,OQ5,(OQ5-1)*0.925+1) -> 0.8 | OS5: =MIN($AF5+OS$25+OJ10,1) -> 0 | OT5: =IF(OB5="心灵",1,$B$4/($B$4+$C$4*(1-OS5))) -> 0.49723757 | OU5: {=INDEX(动作!$I$3:$I$113,NV5)} -> 0 | OV5: =OL5*(1+OM5)*OP5*OR5*OT5*OM$28*(1+OT$25) -> 0 | OW5: =OV5*NU$8 -> 0 | OX5: {=INDEX(云配队!$J5:$AC5,1,OX$1)} -> 0 | OY5: {=IFERROR(MATCH(1,(动作!$A$3:$A$111=$D5)*EXACT(动作!$B$3:$B$111,OX5),0),1)} -> 1 | OZ5: =$I5*(1+$J5+OZ$25)+$K5+PA$25 -> 2914.275 | PA5: =$L5*(1+$M5+PB$25)+$N5+PC$25 -> 20350 | PB5: =$O5*(1+$P5+PD$25)+$Q5+PE$25 -> 909 | PC5: =$U5+PF$25 -> 270 | PD5: {=INDEX(动作!$C$3:$C$113,OY5)} -> 无 | PE5: {=INDEX(动作!$D$3:$D$113,OY5)} -> 0 | PF5: {=INDEX(动作!$E$3:$E$113,OY5)*$AH5} -> 0 | PG5: {=INDEX(动作!$F$3:$F$113,OY5)*$AH5} -> 0 | PH5: {=INDEX(动作!$G$3:$G$113,OY5)*$AH5} -> 0 | PI5: {=INDEX(动作!$H$3:$H$113,OY5)} -> 0 | PJ5: {=INDEX(动作!$L$3:$L$113,OY5)*(1+PG$25)*OX$8} -> 0 | PK5: {=INDEX(动作!$K$3:$K$113,OY5)*OX$8} -> 0 | PL5: {=INDEX(动作!$J$3:$J$113,OY5)*OX$8} -> 0 | PM5: {=INDEX(动作!$N$3:$N$113,OY5)*OX$8} -> 0 | PN5: =(SUM(PL$4:PL$7)*(0.6+PI$25)+PL5*(0.4-PI$25))*(1+$T5+PH$25)+PM5 -> 5.6658 | PO5: =OZ5*PF5%+PA5*PG5%+PB5*PH5%+PI5 -> 0 | PP5: =IFERROR(OFFSET($X5,0,MATCH(PD5,$Y$3:$AA$3,0)),0)+IF(PE5="心灵",$AB5,$X5)+IF(PE5="附着",$AC5,0)+IF(PE5="追击",$AD5,0)+PP$25+$W5+IF(OX$28,$AE$4,0)+PL10 -> 0.5 | PQ5: =IF(PE5="DOT",50%,MIN($R5+PQ$25+PJ10,1)) -> 0.15 | PR5: =$S5+PR$25+PK10 -> 0.7 | PS5: =1+PQ5*PR5 -> 1.105 | PT5: =1-$B$6+PT$25+IF($C$6=$F5,$C$8,0)+$AG5+PN10 -> 0.8 | PU5: =IF(PT5<1,PT5,(PT5-1)*0.925+1) -> 0.8 | PV5: =MIN($AF5+PV$25+PM10,1) -> 0 | PW5: =IF(PE5="心灵",1,$B$4/($B$4+$C$4*(1-PV5))) -> 0.49723757 | PX5: {=INDEX(动作!$I$3:$I$113,OY5)} -> 0 | PY5: =PO5*(1+PP5)*PS5*PU5*PW5*PP$28*(1+PW$25) -> 0 | PZ5: =PY5*OX$8 -> 0 | QA5: {=INDEX(云配队!$J5:$AC5,1,QA$1)} -> 0 | QB5: {=IFERROR(MATCH(1,(动作!$A$3:$A$111=$D5)*EXACT(动作!$B$3:$B$111,QA5),0),1)} -> 1 | QC5: =$I5*(1+$J5+QC$25)+$K5+QD$25 -> 2914.275 | QD5: =$L5*(1+$M5+QE$25)+$N5+QF$25 -> 20350 | QE5: =$O5*(1+$P5+QG$25)+$Q5+QH$25 -> 909 | QF5: =$U5+QI$25 -> 270 | QG5: {=INDEX(动作!$C$3:$C$113,QB5)} -> 无 | QH5: {=INDEX(动作!$D$3:$D$113,QB5)} -> 0 | QI5: {=INDEX(动作!$E$3:$E$113,QB5)*$AH5} -> 0 | QJ5: {=INDEX(动作!$F$3:$F$113,QB5)*$AH5} -> 0 | QK5: {=INDEX(动作!$G$3:$G$113,QB5)*$AH5} -> 0 | QL5: {=INDEX(动作!$H$3:$H$113,QB5)} -> 0 | QM5: {=INDEX(动作!$L$3:$L$113,QB5)*(1+QJ$25)*QA$8} -> 0 | QN5: {=INDEX(动作!$K$3:$K$113,QB5)*QA$8} -> 0 | QO5: {=INDEX(动作!$J$3:$J$113,QB5)*QA$8} -> 0 | QP5: {=INDEX(动作!$N$3:$N$113,QB5)*QA$8} -> 0 | QQ5: =(SUM(QO$4:QO$7)*(0.6+QL$25)+QO5*(0.4-QL$25))*(1+$T5+QK$25)+QP5 -> 0 | QR5: =QC5*QI5%+QD5*QJ5%+QE5*QK5%+QL5 -> 0 | QS5: =IFERROR(OFFSET($X5,0,MATCH(QG5,$Y$3:$AA$3,0)),0)+IF(QH5="心灵",$AB5,$X5)+IF(QH5="附着",$AC5,0)+IF(QH5="追击",$AD5,0)+QS$25+$W5+IF(QA$28,$AE$4,0)+QO10 -> 0.5 | QT5: =IF(QH5="DOT",50%,MIN($R5+QT$25+QM10,1)) -> 0.15 | QU5: =$S5+QU$25+QN10 -> 0.7 | QV5: =1+QT5*QU5 -> 1.105 | QW5: =1-$B$6+QW$25+IF($C$6=$F5,$C$8,0)+$AG5+QQ10 -> 0.8 | QX5: =IF(QW5<1,QW5,(QW5-1)*0.925+1) -> 0.8 | QY5: =MIN($AF5+QY$25+QP10,1) -> 0 | QZ5: =IF(QH5="心灵",1,$B$4/($B$4+$C$4*(1-QY5))) -> 0.49723757 | RA5: {=INDEX(动作!$I$3:$I$113,QB5)} -> 0 | RB5: =QR5*(1+QS5)*QV5*QX5*QZ5*QS$28*(1+QZ$25) -> 0 | RC5: =RB5*QA$8 -> 0 | RD5: {=INDEX(云配队!$J5:$AC5,1,RD$1)} -> 援护 | RE5: {=IFERROR(MATCH(1,(动作!$A$3:$A$111=$D5)*EXACT(动作!$B$3:$B$111,RD5),0),1)} -> 2 | RF5: =$I5*(1+$J5+RF$25)+$K5+RG$25 -> 2914.275 | RG5: =$L5*(1+$M5+RH$25)+$N5+RI$25 -> 20350 | RH5: =$O5*(1+$P5+RJ$25)+$Q5+RK$25 -> 909 | RI5: =$U5+RL$25 -> 270 | RJ5: {=INDEX(动作!$C$3:$C$113,RE5)} -> 援护 | RK5: {=INDEX(动作!$D$3:$D$113,RE5)} -> 0 | RL5: {=INDEX(动作!$E$3:$E$113,RE5)*$AH5} -> 431.785 | RM5: {=INDEX(动作!$F$3:$F$113,RE5)*$AH5} -> 0 | RN5: {=INDEX(动作!$G$3:$G$113,RE5)*$AH5} -> 0 | RO5: {=INDEX(动作!$H$3:$H$113,RE5)} -> 0 | RP5: {=INDEX(动作!$L$3:$L$113,RE5)*(1+RM$25)*RD$8} -> 2.5 | RQ5: {=INDEX(动作!$K$3:$K$113,RE5)*RD$8} -> 0 | RR5: {=INDEX(动作!$J$3:$J$113,RE5)*RD$8} -> 7.7 | RS5: {=INDEX(动作!$N$3:$N$113,RE5)*RD$8} -> 0 | RT5: =(SUM(RR$4:RR$7)*(0.6+RO$25)+RR5*(0.4-RO$25))*(1+$T5+RN$25)+RS5 -> 14.1512 | RU5: =RF5*RL5%+RG5*RM5%+RH5*RN5%+RO5 -> 12583.402 | RV5: =IFERROR(OFFSET($X5,0,MATCH(RJ5,$Y$3:$AA$3,0)),0)+IF(RK5="心灵",$AB5,$X5)+IF(RK5="附着",$AC5,0)+IF(RK5="追击",$AD5,0)+RV$25+$W5+IF(RD$28,$AE$4,0)+RR10 -> 0.5 | RW5: =IF(RK5="DOT",50%,MIN($R5+RW$25+RP10,1)) -> 0.15 | RX5: =$S5+RX$25+RQ10 -> 0.7 | RY5: =1+RW5*RX5 -> 1.105 | RZ5: =1-$B$6+RZ$25+IF($C$6=$F5,$C$8,0)+$AG5+RT10 -> 0.8 | SA5: =IF(RZ5<1,RZ5,(RZ5-1)*0.925+1) -> 0.8 | SB5: =MIN($AF5+SB$25+RS10,1) -> 0 | SC5: =IF(RK5="心灵",1,$B$4/($B$4+$C$4*(1-SB5))) -> 0.49723757 | SD5: {=INDEX(动作!$I$3:$I$113,RE5)} -> 1.3 | SE5: =RU5*(1+RV5)*RY5*SA5*SC5*RV$28*(1+SC$25) -> 8296.7029 | SF5: =SE5*RD$8 -> 8296.7029 | SG5: {=INDEX(云配队!$J5:$AC5,1,SG$1)} -> 0 | SH5: {=IFERROR(MATCH(1,(动作!$A$3:$A$111=$D5)*EXACT(动作!$B$3:$B$111,SG5),0),1)} -> 1 | SI5: =$I5*(1+$J5+SI$25)+$K5+SJ$25 -> 2914.275 | SJ5: =$L5*(1+$M5+SK$25)+$N5+SL$25 -> 20350 | SK5: =$O5*(1+$P5+SM$25)+$Q5+SN$25 -> 909 | SL5: =$U5+SO$25 -> 270 | SM5: {=INDEX(动作!$C$3:$C$113,SH5)} -> 无 | SN5: {=INDEX(动作!$D$3:$D$113,SH5)} -> 0 | SO5: {=INDEX(动作!$E$3:$E$113,SH5)*$AH5} -> 0 | SP5: {=INDEX(动作!$F$3:$F$113,SH5)*$AH5} -> 0 | SQ5: {=INDEX(动作!$G$3:$G$113,SH5)*$AH5} -> 0 | SR5: {=INDEX(动作!$H$3:$H$113,SH5)} -> 0 | SS5: {=INDEX(动作!$L$3:$L$113,SH5)*(1+SP$25)*SG$8} -> 0 | ST5: {=INDEX(动作!$K$3:$K$113,SH5)*SG$8} -> 0 | SU5: {=INDEX(动作!$J$3:$J$113,SH5)*SG$8} -> 0 | SV5: {=INDEX(动作!$N$3:$N$113,SH5)*SG$8} -> 0 | SW5: =(SUM(SU$4:SU$7)*(0.6+SR$25)+SU5*(0.4-SR$25))*(1+$T5+SQ$25)+SV5 -> 0 | SX5: =SI5*SO5%+SJ5*SP5%+SK5*SQ5%+SR5 -> 0 | SY5: =IFERROR(OFFSET($X5,0,MATCH(SM5,$Y$3:$AA$3,0)),0)+IF(SN5="心灵",$AB5,$X5)+IF(SN5="附着",$AC5,0)+IF(SN5="追击",$AD5,0)+SY$25+$W5+IF(SG$28,$AE$4,0)+SU10 -> 0.5 | SZ5: =IF(SN5="DOT",50%,MIN($R5+SZ$25+SS10,1)) -> 0.15 | TA5: =$S5+TA$25+ST10 -> 0.7 | TB5: =1+SZ5*TA5 -> 1.105 | TC5: =1-$B$6+TC$25+IF($C$6=$F5,$C$8,0)+$AG5+SW10 -> 0.8 | TD5: =IF(TC5<1,TC5,(TC5-1)*0.925+1) -> 0.8 | TE5: =MIN($AF5+TE$25+SV10,1) -> 0 | TF5: =IF(SN5="心灵",1,$B$4/($B$4+$C$4*(1-TE5))) -> 0.49723757 | TG5: {=INDEX(动作!$I$3:$I$113,SH5)} -> 0 | TH5: =SX5*(1+SY5)*TB5*TD5*TF5*SY$28*(1+TF$25) -> 0 | TI5: =TH5*SG$8 -> 0 | TJ5: {=INDEX(云配队!$J5:$AC5,1,TJ$1)} -> 0 | TK5: {=IFERROR(MATCH(1,(动作!$A$3:$A$111=$D5)*EXACT(动作!$B$3:$B$111,TJ5),0),1)} -> 1 | TL5: =$I5*(1+$J5+TL$25)+$K5+TM$25 -> 2914.275 | TM5: =$L5*(1+$M5+TN$25)+$N5+TO$25 -> 20350 | TN5: =$O5*(1+$P5+TP$25)+$Q5+TQ$25 -> 909 | TO5: =$U5+TR$25 -> 270 | TP5: {=INDEX(动作!$C$3:$C$113,TK5)} -> 无 | TQ5: {=INDEX(动作!$D$3:$D$113,TK5)} -> 0 | TR5: {=INDEX(动作!$E$3:$E$113,TK5)*$AH5} -> 0 | TS5: {=INDEX(动作!$F$3:$F$113,TK5)*$AH5} -> 0 | TT5: {=INDEX(动作!$G$3:$G$113,TK5)*$AH5} -> 0 | TU5: {=INDEX(动作!$H$3:$H$113,TK5)} -> 0 | TV5: {=INDEX(动作!$L$3:$L$113,TK5)*(1+TS$25)*TJ$8} -> 0 | TW5: {=INDEX(动作!$K$3:$K$113,TK5)*TJ$8} -> 0 | TX5: {=INDEX(动作!$J$3:$J$113,TK5)*TJ$8} -> 0 | TY5: {=INDEX(动作!$N$3:$N$113,TK5)*TJ$8} -> 0 | TZ5: =(SUM(TX$4:TX$7)*(0.6+TU$25)+TX5*(0.4-TU$25))*(1+$T5+TT$25)+TY5 -> 0 | UA5: =TL5*TR5%+TM5*TS5%+TN5*TT5%+TU5 -> 0 | UB5: =IFERROR(OFFSET($X5,0,MATCH(TP5,$Y$3:$AA$3,0)),0)+IF(TQ5="心灵",$AB5,$X5)+IF(TQ5="附着",$AC5,0)+IF(TQ5="追击",$AD5,0)+UB$25+$W5+IF(TJ$28,$AE$4,0)+TX10 -> 0.5 | UC5: =IF(TQ5="DOT",50%,MIN($R5+UC$25+TV10,1)) -> 0.15 | UD5: =$S5+UD$25+TW10 -> 0.7 | UE5: =1+UC5*UD5 -> 1.105 | UF5: =1-$B$6+UF$25+IF($C$6=$F5,$C$8,0)+$AG5+TZ10 -> 0.8 | UG5: =IF(UF5<1,UF5,(UF5-1)*0.925+1) -> 0.8 | UH5: =MIN($AF5+UH$25+TY10,1) -> 0 | UI5: =IF(TQ5="心灵",1,$B$4/($B$4+$C$4*(1-UH5))) -> 0.49723757 | UJ5: {=INDEX(动作!$I$3:$I$113,TK5)} -> 0 | UK5: =UA5*(1+UB5)*UE5*UG5*UI5*UB$28*(1+UI$25) -> 0 | UL5: =UK5*TJ$8 -> 0 | UM5: {=INDEX(云配队!$J5:$AC5,1,UM$1)} -> 0 | UN5: {=IFERROR(MATCH(1,(动作!$A$3:$A$111=$D5)*EXACT(动作!$B$3:$B$111,UM5),0),1)} -> 1 | UO5: =$I5*(1+$J5+UO$25)+$K5+UP$25 -> 2914.275 | UP5: =$L5*(1+$M5+UQ$25)+$N5+UR$25 -> 20350 | UQ5: =$O5*(1+$P5+US$25)+$Q5+UT$25 -> 909 | UR5: =$U5+UU$25 -> 270 | US5: {=INDEX(动作!$C$3:$C$113,UN5)} -> 无 | UT5: {=INDEX(动作!$D$3:$D$113,UN5)} -> 0 | UU5: {=INDEX(动作!$E$3:$E$113,UN5)*$AH5} -> 0 | UV5: {=INDEX(动作!$F$3:$F$113,UN5)*$AH5} -> 0 | UW5: {=INDEX(动作!$G$3:$G$113,UN5)*$AH5} -> 0 | UX5: {=INDEX(动作!$H$3:$H$113,UN5)} -> 0 | UY5: {=INDEX(动作!$L$3:$L$113,UN5)*(1+UV$25)*UM$8} -> 0 | UZ5: {=INDEX(动作!$K$3:$K$113,UN5)*UM$8} -> 0 | VA5: {=INDEX(动作!$J$3:$J$113,UN5)*UM$8} -> 0 | VB5: {=INDEX(动作!$N$3:$N$113,UN5)*UM$8} -> 0 | VC5: =(SUM(VA$4:VA$7)*(0.6+UX$25)+VA5*(0.4-UX$25))*(1+$T5+UW$25)+VB5 -> 0 | VD5: =UO5*UU5%+UP5*UV5%+UQ5*UW5%+UX5 -> 0 | VE5: =IFERROR(OFFSET($X5,0,MATCH(US5,$Y$3:$AA$3,0)),0)+IF(UT5="心灵",$AB5,$X5)+IF(UT5="附着",$AC5,0)+IF(UT5="追击",$AD5,0)+VE$25+$W5+IF(UM$28,$AE$4,0)+VA10 -> 0.575 | VF5: =IF(UT5="DOT",50%,MIN($R5+VF$25+UY10,1)) -> 0.15 | VG5: =$S5+VG$25+UZ10 -> 0.7 | VH5: =1+VF5*VG5 -> 1.105 | VI5: =1-$B$6+VI$25+IF($C$6=$F5,$C$8,0)+$AG5+VC10 -> 0.8 | VJ5: =IF(VI5<1,VI5,(VI5-1)*0.925+1) -> 0.8 | VK5: =MIN($AF5+VK$25+VB10,1) -> 0 | VL5: =IF(UT5="心灵",1,$B$4/($B$4+$C$4*(1-VK5))) -> 0.49723757 | VM5: {=INDEX(动作!$I$3:$I$113,UN5)} -> 0 | VN5: =VD5*(1+VE5)*VH5*VJ5*VL5*VE$28*(1+VL$25) -> 0 | VO5: =VN5*UM$8 -> 0 | VP5: {=INDEX(云配队!$J5:$AC5,1,VP$1)} -> 0 | VQ5: {=IFERROR(MATCH(1,(动作!$A$3:$A$111=$D5)*EXACT(动作!$B$3:$B$111,VP5),0),1)} -> 1 | VR5: =$I5*(1+$J5+VR$25)+$K5+VS$25 -> 2914.275 | VS5: =$L5*(1+$M5+VT$25)+$N5+VU$25 -> 20350 | VT5: =$O5*(1+$P5+VV$25)+$Q5+VW$25 -> 909 | VU5: =$U5+VX$25 -> 270 | VV5: {=INDEX(动作!$C$3:$C$113,VQ5)} -> 无 | VW5: {=INDEX(动作!$D$3:$D$113,VQ5)} -> 0 | VX5: {=INDEX(动作!$E$3:$E$113,VQ5)*$AH5} -> 0 | VY5: {=INDEX(动作!$F$3:$F$113,VQ5)*$AH5} -> 0 | VZ5: {=INDEX(动作!$G$3:$G$113,VQ5)*$AH5} -> 0 | WA5: {=INDEX(动作!$H$3:$H$113,VQ5)} -> 0 | WB5: {=INDEX(动作!$L$3:$L$113,VQ5)*(1+VY$25)*VP$8} -> 0 | WC5: {=INDEX(动作!$K$3:$K$113,VQ5)*VP$8} -> 0 | WD5: {=INDEX(动作!$J$3:$J$113,VQ5)*VP$8} -> 0 | WE5: {=INDEX(动作!$N$3:$N$113,VQ5)*VP$8} -> 0 | WF5: =(SUM(WD$4:WD$7)*(0.6+WA$25)+WD5*(0.4-WA$25))*(1+$T5+VZ$25)+WE5 -> 0 | WG5: =VR5*VX5%+VS5*VY5%+VT5*VZ5%+WA5 -> 0 | WH5: =IFERROR(OFFSET($X5,0,MATCH(VV5,$Y$3:$AA$3,0)),0)+IF(VW5="心灵",$AB5,$X5)+IF(VW5="附着",$AC5,0)+IF(VW5="追击",$AD5,0)+WH$25+$W5+IF(VP$28,$AE$4,0)+WD10 -> 0.5 | WI5: =IF(VW5="DOT",50%,MIN($R5+WI$25+WB10,1)) -> 0.15 | WJ5: =$S5+WJ$25+WC10 -> 0.7 | WK5: =1+WI5*WJ5 -> 1.105 | WL5: =1-$B$6+WL$25+IF($C$6=$F5,$C$8,0)+$AG5+WF10 -> 0.8 | WM5: =IF(WL5<1,WL5,(WL5-1)*0.925+1) -> 0.8 | WN5: =MIN($AF5+WN$25+WE10,1) -> 0.1675 | WO5: =IF(VW5="心灵",1,$B$4/($B$4+$C$4*(1-WN5))) -> 0.54296186 | WP5: {=INDEX(动作!$I$3:$I$113,VQ5)} -> 0 | WQ5: =WG5*(1+WH5)*WK5*WM5*WO5*WH$28*(1+WO$25) -> 0 | WR5: =WQ5*VP$8 -> 0
A6: =云配队!$G$9 -> 82 | B6: =云配队!F11 -> 0.2 | C6: =云配队!G11 -> 0 | D6: =云配队!F6 -> 阿德勒 | E6: =MATCH($D6,角色!$A$3:$A$18,0) -> 10 | F6: =VLOOKUP($D6,配装!$A$3:$B$18,2,FALSE) -> 咒 | G6: =MATCH(云配队!G6,弧盘!$A$3:$A$51,0) -> 47 | H6: =MATCH(云配队!H6,卡带!$A$3:$A$14,0) -> 8 | I6: {=INDEX(配装!D$3:D$18,$E6)} -> 832.25 | J6: {=INDEX(配装!E$3:E$18,$E6)+INDEX(弧盘!$R$3:$R$51,G6)+INDEX(卡带!$O$3:$O$14,H6)} -> 0.2625 | K6: {=INDEX(配装!F$3:F$18,$E6)} -> 420 | L6: {=INDEX(配装!H$3:H$18,$E6)} -> 14301.6 | M6: {=INDEX(配装!I$3:I$18,$E6)} -> 0 | N6: {=INDEX(配装!J$3:J$18,$E6)} -> 5200 | O6: {=INDEX(配装!L$3:L$18,$E6)} -> 993.84 | P6: {=INDEX(配装!M$3:M$18,$E6)} -> 2.395 | Q6: {=INDEX(配装!N$3:N$18,$E6)} -> 0 | R6: {=INDEX(配装!P$3:P$18,$E6)+INDEX(弧盘!P$3:P$51,$G6)+INDEX(卡带!M$3:M$14,$H6)} -> 0.2 | S6: {=INDEX(配装!Q$3:Q$18,$E6)+INDEX(弧盘!Q$3:Q$51,$G6)+INDEX(卡带!N$3:N$14,$H6)} -> 0.8 | T6: {=INDEX(配装!S$3:S$18,$E6)} -> 0 | U6: {=INDEX(配装!T$3:T$18,$E6)+INDEX(弧盘!V$3:V$51,$G6)} -> 0 | V6: {=INDEX(配装!U$3:U$18,$E6)+INDEX(弧盘!W$3:W$51,$G6)+IF(T12>=3,126,0)} -> 0 | W6: {=INDEX(角色!W$3:W$18,$E6)+INDEX(弧盘!X$3:X$51,$G6)+INDEX(卡带!Q$3:Q$15,$H6)+INDEX(配装!$AG$3:$AG$18,$E6)} -> 0.15 | X6: {=INDEX(配装!$R$3:$R$18,E6)+INDEX(弧盘!Y$3:Y$51,$G6)+INDEX(卡带!R$3:R$15,$H6)} -> 0.375 | Y6: {=INDEX(角色!Y$3:Y$18,$E6)+INDEX(弧盘!Z$3:Z$51,$G6)+INDEX(卡带!S$3:S$15,$H6)} -> 0 | Z6: {=INDEX(角色!Z$3:Z$18,$E6)+INDEX(弧盘!AA$3:AA$51,$G6)+INDEX(卡带!T$3:T$15,$H6)} -> 0 | AA6: {=INDEX(角色!AA$3:AA$18,$E6)+INDEX(弧盘!AB$3:AB$51,$G6)+INDEX(卡带!U$3:U$15,$H6)} -> 0 | AB6: {=INDEX(角色!AB$3:AB$18,$E6)+INDEX(弧盘!AC$3:AC$51,$G6)+INDEX(卡带!V$3:V$15,$H6)+INDEX(卡带!$I$3:$I$14,$H$4)} -> 0 | AC6: {=INDEX(角色!AC$3:AC$18,$E6)+INDEX(弧盘!AD$3:AD$51,$G6)} -> 0 | AD6: {=INDEX(角色!AD$3:AD$18,$E6)+INDEX(弧盘!AE$3:AE$51,$G6)} -> 0 | AE6: {=INDEX(角色!AE$3:AE$18,$E6)+INDEX(弧盘!AF$3:AF$51,$G6)} -> 0 | AF6: {=INDEX(角色!R$3:R$18,$E6)+INDEX(卡带!K$3:K$14,$H6)} -> 0 | AG6: {=INDEX(角色!S$3:S$18,$E6)+INDEX(卡带!L$3:L$14,$H6)} -> 0 | AH6: {=INDEX(配装!$AA$3:$AA$18,E6)} -> 2.158925 | AK6: {=INDEX(云配队!$J6:$AC6,1,AK$1)} -> 0 | AL6: {=IFERROR(MATCH(1,(动作!$A$3:$A$111=$D6)*EXACT(动作!$B$3:$B$111,AK6),0),1)} -> 1 | AM6: =$I6*(1+$J6+AM$25)+$K6+AN$25 -> 1533.1344 | AN6: =$L6*(1+$M6+AO$25)+$N6+AP$25 -> 19501.6 | AO6: =$O6*(1+$P6+AQ$25)+$Q6+AR$25 -> 3374.0868 | AP6: =$U6+AS$25 -> 0 | AQ6: {=INDEX(动作!$C$3:$C$113,AL6)} -> 无 | AR6: {=INDEX(动作!$D$3:$D$113,AL6)} -> 0 | AS6: {=INDEX(动作!$E$3:$E$113,AL6)*$AH6} -> 0 | AT6: {=INDEX(动作!$F$3:$F$113,AL6)*$AH6} -> 0 | AU6: {=INDEX(动作!$G$3:$G$113,AL6)*$AH6} -> 0 | AV6: {=INDEX(动作!$H$3:$H$113,AL6)} -> 0 | AW6: {=INDEX(动作!$L$3:$L$113,AL6)*(1+AT$25)*AK$8} -> 0 | AX6: {=INDEX(动作!$K$3:$K$113,AL6)*AK$8} -> 0 | AY6: {=INDEX(动作!$J$3:$J$113,AL6)*AK$8} -> 0 | AZ6: {=INDEX(动作!$N$3:$N$113,AL6)*AK$8} -> 0 | BA6: =(SUM(AY$4:AY$7)*(0.6+AV$25)+AY6*(0.4-AV$25))*(1+$T6+AU$25)+AZ6 -> 5.2806 | BB6: =AM6*AS6%+AN6*AT6%+AO6*AU6%+AV6 -> 0 | BC6: =IFERROR(OFFSET($X6,0,MATCH(AQ6,$Y$3:$AA$3,0)),0)+IF(AR6="心灵",$AB6,$X6)+IF(AR6="附着",$AC6,0)+IF(AR6="追击",$AD6,0)+BC$25+$W6+IF(AK$28,$AE$4,0)+AY11 -> 0.525 | BD6: =IF(AR6="DOT",50%,MIN($R6+BD$25+AW11,1)) -> 0.2 | BE6: =$S6+BE$25+AX11 -> 0.8 | BF6: =1+BD6*BE6 -> 1.16 | BG6: =1-$B$6+BG$25+IF($C$6=$F6,$C$8,0)+$AG6+BA11 -> 0.8 | BH6: =IF(BG6<1,BG6,(BG6-1)*0.925+1) -> 0.8 | BI6: =MIN($AF6+BI$25+AZ11,1) -> 0.1675 | BJ6: =IF(AR6="心灵",1,$B$4/($B$4+$C$4*(1-BI6))) -> 0.54296186 | BK6: {=INDEX(动作!$I$3:$I$113,AL6)} -> 0 | BL6: =BB6*(1+BC6)*BF6*BH6*BJ6*BC$28*(1+BJ$25) -> 0 | BM6: =BL6*AK$8 -> 0 | BN6: {=INDEX(云配队!$J6:$AC6,1,BN$1)} -> 0 | BO6: {=IFERROR(MATCH(1,(动作!$A$3:$A$111=$D6)*EXACT(动作!$B$3:$B$111,BN6),0),1)} -> 1 | BP6: =$I6*(1+$J6+BP$25)+$K6+BQ$25 -> 1533.1344 | BQ6: =$L6*(1+$M6+BR$25)+$N6+BS$25 -> 19501.6 | BR6: =$O6*(1+$P6+BT$25)+$Q6+BU$25 -> 3374.0868 | BS6: =$U6+BV$25 -> 0 | BT6: {=INDEX(动作!$C$3:$C$113,BO6)} -> 无 | BU6: {=INDEX(动作!$D$3:$D$113,BO6)} -> 0 | BV6: {=INDEX(动作!$E$3:$E$113,BO6)*$AH6} -> 0 | BW6: {=INDEX(动作!$F$3:$F$113,BO6)*$AH6} -> 0 | BX6: {=INDEX(动作!$G$3:$G$113,BO6)*$AH6} -> 0 | BY6: {=INDEX(动作!$H$3:$H$113,BO6)} -> 0 | BZ6: {=INDEX(动作!$L$3:$L$113,BO6)*(1+BW$25)*BN$8} -> 0 | CA6: {=INDEX(动作!$K$3:$K$113,BO6)*BN$8} -> 0 | CB6: {=INDEX(动作!$J$3:$J$113,BO6)*BN$8} -> 0 | CC6: {=INDEX(动作!$N$3:$N$113,BO6)*BN$8} -> 0 | CD6: =(SUM(CB$4:CB$7)*(0.6+BY$25)+CB6*(0.4-BY$25))*(1+$T6+BX$25)+CC6 -> 0 | CE6: =BP6*BV6%+BQ6*BW6%+BR6*BX6%+BY6 -> 0 | CF6: =IFERROR(OFFSET($X6,0,MATCH(BT6,$Y$3:$AA$3,0)),0)+IF(BU6="心灵",$AB6,$X6)+IF(BU6="附着",$AC6,0)+IF(BU6="追击",$AD6,0)+CF$25+$W6+IF(BN$28,$AE$4,0)+CB11 -> 0.525 | CG6: =IF(BU6="DOT",50%,MIN($R6+CG$25+BZ11,1)) -> 0.2 | CH6: =$S6+CH$25+CA11 -> 0.8 | CI6: =1+CG6*CH6 -> 1.16 | CJ6: =1-$B$6+CJ$25+IF($C$6=$F6,$C$8,0)+$AG6+CD11 -> 0.8 | CK6: =IF(CJ6<1,CJ6,(CJ6-1)*0.925+1) -> 0.8 | CL6: =MIN($AF6+CL$25+CC11,1) -> 0.25 | CM6: =IF(BU6="心灵",1,$B$4/($B$4+$C$4*(1-CL6))) -> 0.56872038 | CN6: {=INDEX(动作!$I$3:$I$113,BO6)} -> 0 | CO6: =CE6*(1+CF6)*CI6*CK6*CM6*CF$28*(1+CM$25) -> 0 | CP6: =CO6*BN$8 -> 0 | CQ6: {=INDEX(云配队!$J6:$AC6,1,CQ$1)} -> 0 | CR6: {=IFERROR(MATCH(1,(动作!$A$3:$A$111=$D6)*EXACT(动作!$B$3:$B$111,CQ6),0),1)} -> 1 | CS6: =$I6*(1+$J6+CS$25)+$K6+CT$25 -> 1533.1344 | CT6: =$L6*(1+$M6+CU$25)+$N6+CV$25 -> 19501.6 | CU6: =$O6*(1+$P6+CW$25)+$Q6+CX$25 -> 3374.0868 | CV6: =$U6+CY$25 -> 0 | CW6: {=INDEX(动作!$C$3:$C$113,CR6)} -> 无 | CX6: {=INDEX(动作!$D$3:$D$113,CR6)} -> 0 | CY6: {=INDEX(动作!$E$3:$E$113,CR6)*$AH6} -> 0 | CZ6: {=INDEX(动作!$F$3:$F$113,CR6)*$AH6} -> 0 | DA6: {=INDEX(动作!$G$3:$G$113,CR6)*$AH6} -> 0 | DB6: {=INDEX(动作!$H$3:$H$113,CR6)} -> 0 | DC6: {=INDEX(动作!$L$3:$L$113,CR6)*(1+CZ$25)*CQ$8} -> 0 | DD6: {=INDEX(动作!$K$3:$K$113,CR6)*CQ$8} -> 0 | DE6: {=INDEX(动作!$J$3:$J$113,CR6)*CQ$8} -> 0 | DF6: {=INDEX(动作!$N$3:$N$113,CR6)*CQ$8} -> 0 | DG6: =(SUM(DE$4:DE$7)*(0.6+DB$25)+DE6*(0.4-DB$25))*(1+$T6+DA$25)+DF6 -> 3.78 | DH6: =CS6*CY6%+CT6*CZ6%+CU6*DA6%+DB6 -> 0 | DI6: =IFERROR(OFFSET($X6,0,MATCH(CW6,$Y$3:$AA$3,0)),0)+IF(CX6="心灵",$AB6,$X6)+IF(CX6="附着",$AC6,0)+IF(CX6="追击",$AD6,0)+DI$25+$W6+IF(CQ$28,$AE$4,0)+DE11 -> 0.525 | DJ6: =IF(CX6="DOT",50%,MIN($R6+DJ$25+DC11,1)) -> 0.2 | DK6: =$S6+DK$25+DD11 -> 1.1 | DL6: =1+DJ6*DK6 -> 1.22 | DM6: =1-$B$6+DM$25+IF($C$6=$F6,$C$8,0)+$AG6+DG11 -> 0.8 | DN6: =IF(DM6<1,DM6,(DM6-1)*0.925+1) -> 0.8 | DO6: =MIN($AF6+DO$25+DF11,1) -> 0 | DP6: =IF(CX6="心灵",1,$B$4/($B$4+$C$4*(1-DO6))) -> 0.49723757 | DQ6: {=INDEX(动作!$I$3:$I$113,CR6)} -> 0 | DR6: =DH6*(1+DI6)*DL6*DN6*DP6*DI$28*(1+DP$25) -> 0 | DS6: =DR6*CQ$8 -> 0 | DT6: {=INDEX(云配队!$J6:$AC6,1,DT$1)} -> 0 | DU6: {=IFERROR(MATCH(1,(动作!$A$3:$A$111=$D6)*EXACT(动作!$B$3:$B$111,DT6),0),1)} -> 1 | DV6: =$I6*(1+$J6+DV$25)+$K6+DW$25 -> 1533.1344 | DW6: =$L6*(1+$M6+DX$25)+$N6+DY$25 -> 19501.6 | DX6: =$O6*(1+$P6+DZ$25)+$Q6+EA$25 -> 3374.0868 | DY6: =$U6+EB$25 -> 0 | DZ6: {=INDEX(动作!$C$3:$C$113,DU6)} -> 无 | EA6: {=INDEX(动作!$D$3:$D$113,DU6)} -> 0 | EB6: {=INDEX(动作!$E$3:$E$113,DU6)*$AH6} -> 0 | EC6: {=INDEX(动作!$F$3:$F$113,DU6)*$AH6} -> 0 | ED6: {=INDEX(动作!$G$3:$G$113,DU6)*$AH6} -> 0 | EE6: {=INDEX(动作!$H$3:$H$113,DU6)} -> 0 | EF6: {=INDEX(动作!$L$3:$L$113,DU6)*(1+EC$25)*DT$8} -> 0 | EG6: {=INDEX(动作!$K$3:$K$113,DU6)*DT$8} -> 0 | EH6: {=INDEX(动作!$J$3:$J$113,DU6)*DT$8} -> 0 | EI6: {=INDEX(动作!$N$3:$N$113,DU6)*DT$8} -> 0 | EJ6: =(SUM(EH$4:EH$7)*(0.6+EE$25)+EH6*(0.4-EE$25))*(1+$T6+ED$25)+EI6 -> 0 | EK6: =DV6*EB6%+DW6*EC6%+DX6*ED6%+EE6 -> 0 | EL6: =IFERROR(OFFSET($X6,0,MATCH(DZ6,$Y$3:$AA$3,0)),0)+IF(EA6="心灵",$AB6,$X6)+IF(EA6="附着",$AC6,0)+IF(EA6="追击",$AD6,0)+EL$25+$W6+IF(DT$28,$AE$4,0)+EH11 -> 0.625 | EM6: =IF(EA6="DOT",50%,MIN($R6+EM$25+EF11,1)) -> 0.2 | EN6: =$S6+EN$25+EG11 -> 1.1 | EO6: =1+EM6*EN6 -> 1.22 | EP6: =1-$B$6+EP$25+IF($C$6=$F6,$C$8,0)+$AG6+EJ11 -> 0.8 | EQ6: =IF(EP6<1,EP6,(EP6-1)*0.925+1) -> 0.8 | ER6: =MIN($AF6+ER$25+EI11,1) -> 0 | ES6: =IF(EA6="心灵",1,$B$4/($B$4+$C$4*(1-ER6))) -> 0.49723757 | ET6: {=INDEX(动作!$I$3:$I$113,DU6)} -> 0 | EU6: =EK6*(1+EL6)*EO6*EQ6*ES6*EL$28*(1+ES$25) -> 0 | EV6: =EU6*DT$8 -> 0 | EW6: {=INDEX(云配队!$J6:$AC6,1,EW$1)} -> 0 | EX6: {=IFERROR(MATCH(1,(动作!$A$3:$A$111=$D6)*EXACT(动作!$B$3:$B$111,EW6),0),1)} -> 1 | EY6: =$I6*(1+$J6+EY$25)+$K6+EZ$25 -> 1533.1344 | EZ6: =$L6*(1+$M6+FA$25)+$N6+FB$25 -> 19501.6 | FA6: =$O6*(1+$P6+FC$25)+$Q6+FD$25 -> 3374.0868 | FB6: =$U6+FE$25 -> 0 | FC6: {=INDEX(动作!$C$3:$C$113,EX6)} -> 无 | FD6: {=INDEX(动作!$D$3:$D$113,EX6)} -> 0 | FE6: {=INDEX(动作!$E$3:$E$113,EX6)*$AH6} -> 0 | FF6: {=INDEX(动作!$F$3:$F$113,EX6)*$AH6} -> 0 | FG6: {=INDEX(动作!$G$3:$G$113,EX6)*$AH6} -> 0 | FH6: {=INDEX(动作!$H$3:$H$113,EX6)} -> 0 | FI6: {=INDEX(动作!$L$3:$L$113,EX6)*(1+FF$25)*EW$8} -> 0 | FJ6: {=INDEX(动作!$K$3:$K$113,EX6)*EW$8} -> 0 | FK6: {=INDEX(动作!$J$3:$J$113,EX6)*EW$8} -> 0 | FL6: {=INDEX(动作!$N$3:$N$113,EX6)*EW$8} -> 0 | FM6: =(SUM(FK$4:FK$7)*(0.6+FH$25)+FK6*(0.4-FH$25))*(1+$T6+FG$25)+FL6 -> 19.9188 | FN6: =EY6*FE6%+EZ6*FF6%+FA6*FG6%+FH6 -> 0 | FO6: =IFERROR(OFFSET($X6,0,MATCH(FC6,$Y$3:$AA$3,0)),0)+IF(FD6="心灵",$AB6,$X6)+IF(FD6="附着",$AC6,0)+IF(FD6="追击",$AD6,0)+FO$25+$W6+IF(EW$28,$AE$4,0)+FK11 -> 0.7125 | FP6: =IF(FD6="DOT",50%,MIN($R6+FP$25+FI11,1)) -> 0.2 | FQ6: =$S6+FQ$25+FJ11 -> 1.1 | FR6: =1+FP6*FQ6 -> 1.22 | FS6: =1-$B$6+FS$25+IF($C$6=$F6,$C$8,0)+$AG6+FM11 -> 0.8 | FT6: =IF(FS6<1,FS6,(FS6-1)*0.925+1) -> 0.8 | FU6: =MIN($AF6+FU$25+FL11,1) -> 0 | FV6: =IF(FD6="心灵",1,$B$4/($B$4+$C$4*(1-FU6))) -> 0.49723757 | FW6: {=INDEX(动作!$I$3:$I$113,EX6)} -> 0 | FX6: =FN6*(1+FO6)*FR6*FT6*FV6*FO$28*(1+FV$25) -> 0 | FY6: =FX6*EW$8 -> 0 | FZ6: {=INDEX(云配队!$J6:$AC6,1,FZ$1)} -> 0 | GA6: {=IFERROR(MATCH(1,(动作!$A$3:$A$111=$D6)*EXACT(动作!$B$3:$B$111,FZ6),0),1)} -> 1 | GB6: =$I6*(1+$J6+GB$25)+$K6+GC$25 -> 1533.1344 | GC6: =$L6*(1+$M6+GD$25)+$N6+GE$25 -> 19501.6 | GD6: =$O6*(1+$P6+GF$25)+$Q6+GG$25 -> 3374.0868 | GE6: =$U6+GH$25 -> 0 | GF6: {=INDEX(动作!$C$3:$C$113,GA6)} -> 无 | GG6: {=INDEX(动作!$D$3:$D$113,GA6)} -> 0 | GH6: {=INDEX(动作!$E$3:$E$113,GA6)*$AH6} -> 0 | GI6: {=INDEX(动作!$F$3:$F$113,GA6)*$AH6} -> 0 | GJ6: {=INDEX(动作!$G$3:$G$113,GA6)*$AH6} -> 0 | GK6: {=INDEX(动作!$H$3:$H$113,GA6)} -> 0 | GL6: {=INDEX(动作!$L$3:$L$113,GA6)*(1+GI$25)*FZ$8} -> 0 | GM6: {=INDEX(动作!$K$3:$K$113,GA6)*FZ$8} -> 0 | GN6: {=INDEX(动作!$J$3:$J$113,GA6)*FZ$8} -> 0 | GO6: {=INDEX(动作!$N$3:$N$113,GA6)*FZ$8} -> 0 | GP6: =(SUM(GN$4:GN$7)*(0.6+GK$25)+GN6*(0.4-GK$25))*(1+$T6+GJ$25)+GO6 -> 0 | GQ6: =GB6*GH6%+GC6*GI6%+GD6*GJ6%+GK6 -> 0 | GR6: =IFERROR(OFFSET($X6,0,MATCH(GF6,$Y$3:$AA$3,0)),0)+IF(GG6="心灵",$AB6,$X6)+IF(GG6="附着",$AC6,0)+IF(GG6="追击",$AD6,0)+GR$25+$W6+IF(FZ$28,$AE$4,0)+GN11 -> 0.775 | GS6: =IF(GG6="DOT",50%,MIN($R6+GS$25+GL11,1)) -> 0.2 | GT6: =$S6+GT$25+GM11 -> 1.1 | GU6: =1+GS6*GT6 -> 1.22 | GV6: =1-$B$6+GV$25+IF($C$6=$F6,$C$8,0)+$AG6+GP11 -> 0.8 | GW6: =IF(GV6<1,GV6,(GV6-1)*0.925+1) -> 0.8 | GX6: =MIN($AF6+GX$25+GO11,1) -> 0 | GY6: =IF(GG6="心灵",1,$B$4/($B$4+$C$4*(1-GX6))) -> 0.49723757 | GZ6: {=INDEX(动作!$I$3:$I$113,GA6)} -> 0 | HA6: =GQ6*(1+GR6)*GU6*GW6*GY6*GR$28*(1+GY$25) -> 0 | HB6: =HA6*FZ$8 -> 0 | HC6: {=INDEX(云配队!$J6:$AC6,1,HC$1)} -> 0 | HD6: {=IFERROR(MATCH(1,(动作!$A$3:$A$111=$D6)*EXACT(动作!$B$3:$B$111,HC6),0),1)} -> 1 | HE6: =$I6*(1+$J6+HE$25)+$K6+HF$25 -> 1533.1344 | HF6: =$L6*(1+$M6+HG$25)+$N6+HH$25 -> 19501.6 | HG6: =$O6*(1+$P6+HI$25)+$Q6+HJ$25 -> 3374.0868 | HH6: =$U6+HK$25 -> 0 | HI6: {=INDEX(动作!$C$3:$C$113,HD6)} -> 无 | HJ6: {=INDEX(动作!$D$3:$D$113,HD6)} -> 0 | HK6: {=INDEX(动作!$E$3:$E$113,HD6)*$AH6} -> 0 | HL6: {=INDEX(动作!$F$3:$F$113,HD6)*$AH6} -> 0 | HM6: {=INDEX(动作!$G$3:$G$113,HD6)*$AH6} -> 0 | HN6: {=INDEX(动作!$H$3:$H$113,HD6)} -> 0 | HO6: {=INDEX(动作!$L$3:$L$113,HD6)*(1+HL$25)*HC$8} -> 0 | HP6: {=INDEX(动作!$K$3:$K$113,HD6)*HC$8} -> 0 | HQ6: {=INDEX(动作!$J$3:$J$113,HD6)*HC$8} -> 0 | HR6: {=INDEX(动作!$N$3:$N$113,HD6)*HC$8} -> 0 | HS6: =(SUM(HQ$4:HQ$7)*(0.6+HN$25)+HQ6*(0.4-HN$25))*(1+$T6+HM$25)+HR6 -> 7.56 | HT6: =HE6*HK6%+HF6*HL6%+HG6*HM6%+HN6 -> 0 | HU6: =IFERROR(OFFSET($X6,0,MATCH(HI6,$Y$3:$AA$3,0)),0)+IF(HJ6="心灵",$AB6,$X6)+IF(HJ6="附着",$AC6,0)+IF(HJ6="追击",$AD6,0)+HU$25+$W6+IF(HC$28,$AE$4,0)+HQ11 -> 0.6 | HV6: =IF(HJ6="DOT",50%,MIN($R6+HV$25+HO11,1)) -> 0.2 | HW6: =$S6+HW$25+HP11 -> 1.1 | HX6: =1+HV6*HW6 -> 1.22 | HY6: =1-$B$6+HY$25+IF($C$6=$F6,$C$8,0)+$AG6+HS11 -> 0.8 | HZ6: =IF(HY6<1,HY6,(HY6-1)*0.925+1) -> 0.8 | IA6: =MIN($AF6+IA$25+HR11,1) -> 0 | IB6: =IF(HJ6="心灵",1,$B$4/($B$4+$C$4*(1-IA6))) -> 0.49723757 | IC6: {=INDEX(动作!$I$3:$I$113,HD6)} -> 0 | ID6: =HT6*(1+HU6)*HX6*HZ6*IB6*HU$28*(1+IB$25) -> 0 | IE6: =ID6*HC$8 -> 0 | IF6: {=INDEX(云配队!$J6:$AC6,1,IF$1)} -> 0 | IG6: {=IFERROR(MATCH(1,(动作!$A$3:$A$111=$D6)*EXACT(动作!$B$3:$B$111,IF6),0),1)} -> 1 | IH6: =$I6*(1+$J6+IH$25)+$K6+II$25 -> 1533.1344 | II6: =$L6*(1+$M6+IJ$25)+$N6+IK$25 -> 19501.6 | IJ6: =$O6*(1+$P6+IL$25)+$Q6+IM$25 -> 3374.0868 | IK6: =$U6+IN$25 -> 0 | IL6: {=INDEX(动作!$C$3:$C$113,IG6)} -> 无 | IM6: {=INDEX(动作!$D$3:$D$113,IG6)} -> 0 | IN6: {=INDEX(动作!$E$3:$E$113,IG6)*$AH6} -> 0 | IO6: {=INDEX(动作!$F$3:$F$113,IG6)*$AH6} -> 0 | IP6: {=INDEX(动作!$G$3:$G$113,IG6)*$AH6} -> 0 | IQ6: {=INDEX(动作!$H$3:$H$113,IG6)} -> 0 | IR6: {=INDEX(动作!$L$3:$L$113,IG6)*(1+IO$25)*IF$8} -> 0 | IS6: {=INDEX(动作!$K$3:$K$113,IG6)*IF$8} -> 0 | IT6: {=INDEX(动作!$J$3:$J$113,IG6)*IF$8} -> 0 | IU6: {=INDEX(动作!$N$3:$N$113,IG6)*IF$8} -> 0 | IV6: =(SUM(IT$4:IT$7)*(0.6+IQ$25)+IT6*(0.4-IQ$25))*(1+$T6+IP$25)+IU6 -> 0 | IW6: =IH6*IN6%+II6*IO6%+IJ6*IP6%+IQ6 -> 0 | IX6: =IFERROR(OFFSET($X6,0,MATCH(IL6,$Y$3:$AA$3,0)),0)+IF(IM6="心灵",$AB6,$X6)+IF(IM6="附着",$AC6,0)+IF(IM6="追击",$AD6,0)+IX$25+$W6+IF(IF$28,$AE$4,0)+IT11 -> 0.775 | IY6: =IF(IM6="DOT",50%,MIN($R6+IY$25+IR11,1)) -> 0.2 | IZ6: =$S6+IZ$25+IS11 -> 1.1 | JA6: =1+IY6*IZ6 -> 1.22 | JB6: =1-$B$6+JB$25+IF($C$6=$F6,$C$8,0)+$AG6+IV11 -> 0.8 | JC6: =IF(JB6<1,JB6,(JB6-1)*0.925+1) -> 0.8 | JD6: =MIN($AF6+JD$25+IU11,1) -> 0 | JE6: =IF(IM6="心灵",1,$B$4/($B$4+$C$4*(1-JD6))) -> 0.49723757 | JF6: {=INDEX(动作!$I$3:$I$113,IG6)} -> 0 | JG6: =IW6*(1+IX6)*JA6*JC6*JE6*IX$28*(1+JE$25) -> 0 | JH6: =JG6*IF$8 -> 0 | JI6: {=INDEX(云配队!$J6:$AC6,1,JI$1)} -> q | JJ6: {=IFERROR(MATCH(1,(动作!$A$3:$A$111=$D6)*EXACT(动作!$B$3:$B$111,JI6),0),1)} -> 74 | JK6: =$I6*(1+$J6+JK$25)+$K6+JL$25 -> 1533.1344 | JL6: =$L6*(1+$M6+JM$25)+$N6+JN$25 -> 19501.6 | JM6: =$O6*(1+$P6+JO$25)+$Q6+JP$25 -> 3374.0868 | JN6: =$U6+JQ$25 -> 0 | JO6: {=INDEX(动作!$C$3:$C$113,JJ6)} -> Q | JP6: {=INDEX(动作!$D$3:$D$113,JJ6)} -> 0 | JQ6: {=INDEX(动作!$E$3:$E$113,JJ6)*$AH6} -> 0 | JR6: {=INDEX(动作!$F$3:$F$113,JJ6)*$AH6} -> 0 | JS6: {=INDEX(动作!$G$3:$G$113,JJ6)*$AH6} -> 1079.4625 | JT6: {=INDEX(动作!$H$3:$H$113,JJ6)} -> 0 | JU6: {=INDEX(动作!$L$3:$L$113,JJ6)*(1+JR$25)*JI$8} -> 6.25 | JV6: {=INDEX(动作!$K$3:$K$113,JJ6)*JI$8} -> 0 | JW6: {=INDEX(动作!$J$3:$J$113,JJ6)*JI$8} -> 0 | JX6: {=INDEX(动作!$N$3:$N$113,JJ6)*JI$8} -> 10 | JY6: =(SUM(JW$4:JW$7)*(0.6+JT$25)+JW6*(0.4-JT$25))*(1+$T6+JS$25)+JX6 -> 10 | JZ6: =JK6*JQ6%+JL6*JR6%+JM6*JS6%+JT6 -> 36422.002 | KA6: =IFERROR(OFFSET($X6,0,MATCH(JO6,$Y$3:$AA$3,0)),0)+IF(JP6="心灵",$AB6,$X6)+IF(JP6="附着",$AC6,0)+IF(JP6="追击",$AD6,0)+KA$25+$W6+IF(JI$28,$AE$4,0)+JW11 -> 0.525 | KB6: =IF(JP6="DOT",50%,MIN($R6+KB$25+JU11,1)) -> 0.2 | KC6: =$S6+KC$25+JV11 -> 0.8 | KD6: =1+KB6*KC6 -> 1.16 | KE6: =1-$B$6+KE$25+IF($C$6=$F6,$C$8,0)+$AG6+JY11 -> 0.8 | KF6: =IF(KE6<1,KE6,(KE6-1)*0.925+1) -> 0.8 | KG6: =MIN($AF6+KG$25+JX11,1) -> 0 | KH6: =IF(JP6="心灵",1,$B$4/($B$4+$C$4*(1-KG6))) -> 0.49723757 | KI6: {=INDEX(动作!$I$3:$I$113,JJ6)} -> 0 | KJ6: =JZ6*(1+KA6)*KD6*KF6*KH6*KA$28*(1+KH$25) -> 25629.82 | KK6: =KJ6*JI$8 -> 12814.91 | KL6: {=INDEX(云配队!$J6:$AC6,1,KL$1)} -> dot10跳 | KM6: {=IFERROR(MATCH(1,(动作!$A$3:$A$111=$D6)*EXACT(动作!$B$3:$B$111,KL6),0),1)} -> 73 | KN6: =$I6*(1+$J6+KN$25)+$K6+KO$25 -> 1533.1344 | KO6: =$L6*(1+$M6+KP$25)+$N6+KQ$25 -> 19501.6 | KP6: =$O6*(1+$P6+KR$25)+$Q6+KS$25 -> 3374.0868 | KQ6: =$U6+KT$25 -> 0 | KR6: {=INDEX(动作!$C$3:$C$113,KM6)} -> E | KS6: {=INDEX(动作!$D$3:$D$113,KM6)} -> DOT | KT6: {=INDEX(动作!$E$3:$E$113,KM6)*$AH6} -> 0 | KU6: {=INDEX(动作!$F$3:$F$113,KM6)*$AH6} -> 0 | KV6: {=INDEX(动作!$G$3:$G$113,KM6)*$AH6} -> 431.785 | KW6: {=INDEX(动作!$H$3:$H$113,KM6)} -> 0 | KX6: {=INDEX(动作!$L$3:$L$113,KM6)*(1+KU$25)*KL$8} -> 0 | KY6: {=INDEX(动作!$K$3:$K$113,KM6)*KL$8} -> 0 | KZ6: {=INDEX(动作!$J$3:$J$113,KM6)*KL$8} -> 0 | LA6: {=INDEX(动作!$N$3:$N$113,KM6)*KL$8} -> 0 | LB6: =(SUM(KZ$4:KZ$7)*(0.6+KW$25)+KZ6*(0.4-KW$25))*(1+$T6+KV$25)+LA6 -> 0 | LC6: =KN6*KT6%+KO6*KU6%+KP6*KV6%+KW6 -> 14568.801 | LD6: =IFERROR(OFFSET($X6,0,MATCH(KR6,$Y$3:$AA$3,0)),0)+IF(KS6="心灵",$AB6,$X6)+IF(KS6="附着",$AC6,0)+IF(KS6="追击",$AD6,0)+LD$25+$W6+IF(KL$28,$AE$4,0)+KZ11 -> 1.225 | LE6: =IF(KS6="DOT",50%,MIN($R6+LE$25+KX11,1)) -> 0.5 | LF6: =$S6+LF$25+KY11 -> 0.8 | LG6: =1+LE6*LF6 -> 1.4 | LH6: =1-$B$6+LH$25+IF($C$6=$F6,$C$8,0)+$AG6+LB11 -> 0.8 | LI6: =IF(LH6<1,LH6,(LH6-1)*0.925+1) -> 0.8 | LJ6: =MIN($AF6+LJ$25+LA11,1) -> 0 | LK6: =IF(KS6="心灵",1,$B$4/($B$4+$C$4*(1-LJ6))) -> 0.49723757 | LL6: {=INDEX(动作!$I$3:$I$113,KM6)} -> 0 | LM6: =LC6*(1+LD6)*LG6*LI6*LK6*LD$28*(1+LK$25) -> 18052.434 | LN6: =LM6*KL$8 -> 9026.2172 | LO6: {=INDEX(云配队!$J6:$AC6,1,LO$1)} -> e | LP6: {=IFERROR(MATCH(1,(动作!$A$3:$A$111=$D6)*EXACT(动作!$B$3:$B$111,LO6),0),1)} -> 72 | LQ6: =$I6*(1+$J6+LQ$25)+$K6+LR$25 -> 1533.1344 | LR6: =$L6*(1+$M6+LS$25)+$N6+LT$25 -> 19501.6 | LS6: =$O6*(1+$P6+LU$25)+$Q6+LV$25 -> 3374.0868 | LT6: =$U6+LW$25 -> 0 | LU6: {=INDEX(动作!$C$3:$C$113,LP6)} -> E | LV6: {=INDEX(动作!$D$3:$D$113,LP6)} -> 0 | LW6: {=INDEX(动作!$E$3:$E$113,LP6)*$AH6} -> 0 | LX6: {=INDEX(动作!$F$3:$F$113,LP6)*$AH6} -> 0 | LY6: {=INDEX(动作!$G$3:$G$113,LP6)*$AH6} -> 453.37425 | LZ6: {=INDEX(动作!$H$3:$H$113,LP6)} -> 0 | MA6: {=INDEX(动作!$L$3:$L$113,LP6)*(1+LX$25)*LO$8} -> 2.4 | MB6: {=INDEX(动作!$K$3:$K$113,LP6)*LO$8} -> 20.1 | MC6: {=INDEX(动作!$J$3:$J$113,LP6)*LO$8} -> 12 | MD6: {=INDEX(动作!$N$3:$N$113,LP6)*LO$8} -> 0 | ME6: =(SUM(MC$4:MC$7)*(0.6+LZ$25)+MC6*(0.4-LZ$25))*(1+$T6+LY$25)+MD6 -> 12 | MF6: =LQ6*LW6%+LR6*LX6%+LS6*LY6%+LZ6 -> 15297.241 | MG6: =IFERROR(OFFSET($X6,0,MATCH(LU6,$Y$3:$AA$3,0)),0)+IF(LV6="心灵",$AB6,$X6)+IF(LV6="附着",$AC6,0)+IF(LV6="追击",$AD6,0)+MG$25+$W6+IF(LO$28,$AE$4,0)+MC11 -> 0.875 | MH6: =IF(LV6="DOT",50%,MIN($R6+MH$25+MA11,1)) -> 0.2 | MI6: =$S6+MI$25+MB11 -> 0.8 | MJ6: =1+MH6*MI6 -> 1.16 | MK6: =1-$B$6+MK$25+IF($C$6=$F6,$C$8,0)+$AG6+ME11 -> 0.8 | ML6: =IF(MK6<1,MK6,(MK6-1)*0.925+1) -> 0.8 | MM6: =MIN($AF6+MM$25+MD11,1) -> 0 | MN6: =IF(LV6="心灵",1,$B$4/($B$4+$C$4*(1-MM6))) -> 0.49723757 | MO6: {=INDEX(动作!$I$3:$I$113,LP6)} -> 0 | MP6: =MF6*(1+MG6)*MJ6*ML6*MN6*MG$28*(1+MN$25) -> 13235.071 | MQ6: =MP6*LO$8 -> 13235.071 | MR6: {=INDEX(云配队!$J6:$AC6,1,MR$1)} -> 0 | MS6: {=IFERROR(MATCH(1,(动作!$A$3:$A$111=$D6)*EXACT(动作!$B$3:$B$111,MR6),0),1)} -> 1 | MT6: =$I6*(1+$J6+MT$25)+$K6+MU$25 -> 1533.1344 | MU6: =$L6*(1+$M6+MV$25)+$N6+MW$25 -> 19501.6 | MV6: =$O6*(1+$P6+MX$25)+$Q6+MY$25 -> 3374.0868 | MW6: =$U6+MZ$25 -> 0 | MX6: {=INDEX(动作!$C$3:$C$113,MS6)} -> 无 | MY6: {=INDEX(动作!$D$3:$D$113,MS6)} -> 0 | MZ6: {=INDEX(动作!$E$3:$E$113,MS6)*$AH6} -> 0 | NA6: {=INDEX(动作!$F$3:$F$113,MS6)*$AH6} -> 0 | NB6: {=INDEX(动作!$G$3:$G$113,MS6)*$AH6} -> 0 | NC6: {=INDEX(动作!$H$3:$H$113,MS6)} -> 0 | ND6: {=INDEX(动作!$L$3:$L$113,MS6)*(1+NA$25)*MR$8} -> 0 | NE6: {=INDEX(动作!$K$3:$K$113,MS6)*MR$8} -> 0 | NF6: {=INDEX(动作!$J$3:$J$113,MS6)*MR$8} -> 0 | NG6: {=INDEX(动作!$N$3:$N$113,MS6)*MR$8} -> 0 | NH6: =(SUM(NF$4:NF$7)*(0.6+NC$25)+NF6*(0.4-NC$25))*(1+$T6+NB$25)+NG6 -> 0 | NI6: =MT6*MZ6%+MU6*NA6%+MV6*NB6%+NC6 -> 0 | NJ6: =IFERROR(OFFSET($X6,0,MATCH(MX6,$Y$3:$AA$3,0)),0)+IF(MY6="心灵",$AB6,$X6)+IF(MY6="附着",$AC6,0)+IF(MY6="追击",$AD6,0)+NJ$25+$W6+IF(MR$28,$AE$4,0)+NF11 -> 0.525 | NK6: =IF(MY6="DOT",50%,MIN($R6+NK$25+ND11,1)) -> 0.2 | NL6: =$S6+NL$25+NE11 -> 0.8 | NM6: =1+NK6*NL6 -> 1.16 | NN6: =1-$B$6+NN$25+IF($C$6=$F6,$C$8,0)+$AG6+NH11 -> 0.8 | NO6: =IF(NN6<1,NN6,(NN6-1)*0.925+1) -> 0.8 | NP6: =MIN($AF6+NP$25+NG11,1) -> 0 | NQ6: =IF(MY6="心灵",1,$B$4/($B$4+$C$4*(1-NP6))) -> 0.49723757 | NR6: {=INDEX(动作!$I$3:$I$113,MS6)} -> 0 | NS6: =NI6*(1+NJ6)*NM6*NO6*NQ6*NJ$28*(1+NQ$25) -> 0 | NT6: =NS6*MR$8 -> 0 | NU6: {=INDEX(云配队!$J6:$AC6,1,NU$1)} -> 0 | NV6: {=IFERROR(MATCH(1,(动作!$A$3:$A$111=$D6)*EXACT(动作!$B$3:$B$111,NU6),0),1)} -> 1 | NW6: =$I6*(1+$J6+NW$25)+$K6+NX$25 -> 1533.1344 | NX6: =$L6*(1+$M6+NY$25)+$N6+NZ$25 -> 19501.6 | NY6: =$O6*(1+$P6+OA$25)+$Q6+OB$25 -> 3374.0868 | NZ6: =$U6+OC$25 -> 0 | OA6: {=INDEX(动作!$C$3:$C$113,NV6)} -> 无 | OB6: {=INDEX(动作!$D$3:$D$113,NV6)} -> 0 | OC6: {=INDEX(动作!$E$3:$E$113,NV6)*$AH6} -> 0 | OD6: {=INDEX(动作!$F$3:$F$113,NV6)*$AH6} -> 0 | OE6: {=INDEX(动作!$G$3:$G$113,NV6)*$AH6} -> 0 | OF6: {=INDEX(动作!$H$3:$H$113,NV6)} -> 0 | OG6: {=INDEX(动作!$L$3:$L$113,NV6)*(1+OD$25)*NU$8} -> 0 | OH6: {=INDEX(动作!$K$3:$K$113,NV6)*NU$8} -> 0 | OI6: {=INDEX(动作!$J$3:$J$113,NV6)*NU$8} -> 0 | OJ6: {=INDEX(动作!$N$3:$N$113,NV6)*NU$8} -> 0 | OK6: =(SUM(OI$4:OI$7)*(0.6+OF$25)+OI6*(0.4-OF$25))*(1+$T6+OE$25)+OJ6 -> 0 | OL6: =NW6*OC6%+NX6*OD6%+NY6*OE6%+OF6 -> 0 | OM6: =IFERROR(OFFSET($X6,0,MATCH(OA6,$Y$3:$AA$3,0)),0)+IF(OB6="心灵",$AB6,$X6)+IF(OB6="附着",$AC6,0)+IF(OB6="追击",$AD6,0)+OM$25+$W6+IF(NU$28,$AE$4,0)+OI11 -> 0.525 | ON6: =IF(OB6="DOT",50%,MIN($R6+ON$25+OG11,1)) -> 0.2 | OO6: =$S6+OO$25+OH11 -> 0.8 | OP6: =1+ON6*OO6 -> 1.16 | OQ6: =1-$B$6+OQ$25+IF($C$6=$F6,$C$8,0)+$AG6+OK11 -> 0.8 | OR6: =IF(OQ6<1,OQ6,(OQ6-1)*0.925+1) -> 0.8 | OS6: =MIN($AF6+OS$25+OJ11,1) -> 0 | OT6: =IF(OB6="心灵",1,$B$4/($B$4+$C$4*(1-OS6))) -> 0.49723757 | OU6: {=INDEX(动作!$I$3:$I$113,NV6)} -> 0 | OV6: =OL6*(1+OM6)*OP6*OR6*OT6*OM$28*(1+OT$25) -> 0 | OW6: =OV6*NU$8 -> 0 | OX6: {=INDEX(云配队!$J6:$AC6,1,OX$1)} -> 0 | OY6: {=IFERROR(MATCH(1,(动作!$A$3:$A$111=$D6)*EXACT(动作!$B$3:$B$111,OX6),0),1)} -> 1 | OZ6: =$I6*(1+$J6+OZ$25)+$K6+PA$25 -> 1533.1344 | PA6: =$L6*(1+$M6+PB$25)+$N6+PC$25 -> 19501.6 | PB6: =$O6*(1+$P6+PD$25)+$Q6+PE$25 -> 3374.0868 | PC6: =$U6+PF$25 -> 0 | PD6: {=INDEX(动作!$C$3:$C$113,OY6)} -> 无 | PE6: {=INDEX(动作!$D$3:$D$113,OY6)} -> 0 | PF6: {=INDEX(动作!$E$3:$E$113,OY6)*$AH6} -> 0 | PG6: {=INDEX(动作!$F$3:$F$113,OY6)*$AH6} -> 0 | PH6: {=INDEX(动作!$G$3:$G$113,OY6)*$AH6} -> 0 | PI6: {=INDEX(动作!$H$3:$H$113,OY6)} -> 0 | PJ6: {=INDEX(动作!$L$3:$L$113,OY6)*(1+PG$25)*OX$8} -> 0 | PK6: {=INDEX(动作!$K$3:$K$113,OY6)*OX$8} -> 0 | PL6: {=INDEX(动作!$J$3:$J$113,OY6)*OX$8} -> 0 | PM6: {=INDEX(动作!$N$3:$N$113,OY6)*OX$8} -> 0 | PN6: =(SUM(PL$4:PL$7)*(0.6+PI$25)+PL6*(0.4-PI$25))*(1+$T6+PH$25)+PM6 -> 4.26 | PO6: =OZ6*PF6%+PA6*PG6%+PB6*PH6%+PI6 -> 0 | PP6: =IFERROR(OFFSET($X6,0,MATCH(PD6,$Y$3:$AA$3,0)),0)+IF(PE6="心灵",$AB6,$X6)+IF(PE6="附着",$AC6,0)+IF(PE6="追击",$AD6,0)+PP$25+$W6+IF(OX$28,$AE$4,0)+PL11 -> 0.525 | PQ6: =IF(PE6="DOT",50%,MIN($R6+PQ$25+PJ11,1)) -> 0.2 | PR6: =$S6+PR$25+PK11 -> 0.8 | PS6: =1+PQ6*PR6 -> 1.16 | PT6: =1-$B$6+PT$25+IF($C$6=$F6,$C$8,0)+$AG6+PN11 -> 0.8 | PU6: =IF(PT6<1,PT6,(PT6-1)*0.925+1) -> 0.8 | PV6: =MIN($AF6+PV$25+PM11,1) -> 0 | PW6: =IF(PE6="心灵",1,$B$4/($B$4+$C$4*(1-PV6))) -> 0.49723757 | PX6: {=INDEX(动作!$I$3:$I$113,OY6)} -> 0 | PY6: =PO6*(1+PP6)*PS6*PU6*PW6*PP$28*(1+PW$25) -> 0 | PZ6: =PY6*OX$8 -> 0 | QA6: {=INDEX(云配队!$J6:$AC6,1,QA$1)} -> 0 | QB6: {=IFERROR(MATCH(1,(动作!$A$3:$A$111=$D6)*EXACT(动作!$B$3:$B$111,QA6),0),1)} -> 1 | QC6: =$I6*(1+$J6+QC$25)+$K6+QD$25 -> 1533.1344 | QD6: =$L6*(1+$M6+QE$25)+$N6+QF$25 -> 19501.6 | QE6: =$O6*(1+$P6+QG$25)+$Q6+QH$25 -> 3374.0868 | QF6: =$U6+QI$25 -> 0 | QG6: {=INDEX(动作!$C$3:$C$113,QB6)} -> 无 | QH6: {=INDEX(动作!$D$3:$D$113,QB6)} -> 0 | QI6: {=INDEX(动作!$E$3:$E$113,QB6)*$AH6} -> 0 | QJ6: {=INDEX(动作!$F$3:$F$113,QB6)*$AH6} -> 0 | QK6: {=INDEX(动作!$G$3:$G$113,QB6)*$AH6} -> 0 | QL6: {=INDEX(动作!$H$3:$H$113,QB6)} -> 0 | QM6: {=INDEX(动作!$L$3:$L$113,QB6)*(1+QJ$25)*QA$8} -> 0 | QN6: {=INDEX(动作!$K$3:$K$113,QB6)*QA$8} -> 0 | QO6: {=INDEX(动作!$J$3:$J$113,QB6)*QA$8} -> 0 | QP6: {=INDEX(动作!$N$3:$N$113,QB6)*QA$8} -> 0 | QQ6: =(SUM(QO$4:QO$7)*(0.6+QL$25)+QO6*(0.4-QL$25))*(1+$T6+QK$25)+QP6 -> 0 | QR6: =QC6*QI6%+QD6*QJ6%+QE6*QK6%+QL6 -> 0 | QS6: =IFERROR(OFFSET($X6,0,MATCH(QG6,$Y$3:$AA$3,0)),0)+IF(QH6="心灵",$AB6,$X6)+IF(QH6="附着",$AC6,0)+IF(QH6="追击",$AD6,0)+QS$25+$W6+IF(QA$28,$AE$4,0)+QO11 -> 0.525 | QT6: =IF(QH6="DOT",50%,MIN($R6+QT$25+QM11,1)) -> 0.2 | QU6: =$S6+QU$25+QN11 -> 0.8 | QV6: =1+QT6*QU6 -> 1.16 | QW6: =1-$B$6+QW$25+IF($C$6=$F6,$C$8,0)+$AG6+QQ11 -> 0.8 | QX6: =IF(QW6<1,QW6,(QW6-1)*0.925+1) -> 0.8 | QY6: =MIN($AF6+QY$25+QP11,1) -> 0 | QZ6: =IF(QH6="心灵",1,$B$4/($B$4+$C$4*(1-QY6))) -> 0.49723757 | RA6: {=INDEX(动作!$I$3:$I$113,QB6)} -> 0 | RB6: =QR6*(1+QS6)*QV6*QX6*QZ6*QS$28*(1+QZ$25) -> 0 | RC6: =RB6*QA$8 -> 0 | RD6: {=INDEX(云配队!$J6:$AC6,1,RD$1)} -> 0 | RE6: {=IFERROR(MATCH(1,(动作!$A$3:$A$111=$D6)*EXACT(动作!$B$3:$B$111,RD6),0),1)} -> 1 | RF6: =$I6*(1+$J6+RF$25)+$K6+RG$25 -> 1533.1344 | RG6: =$L6*(1+$M6+RH$25)+$N6+RI$25 -> 19501.6 | RH6: =$O6*(1+$P6+RJ$25)+$Q6+RK$25 -> 3374.0868 | RI6: =$U6+RL$25 -> 0 | RJ6: {=INDEX(动作!$C$3:$C$113,RE6)} -> 无 | RK6: {=INDEX(动作!$D$3:$D$113,RE6)} -> 0 | RL6: {=INDEX(动作!$E$3:$E$113,RE6)*$AH6} -> 0 | RM6: {=INDEX(动作!$F$3:$F$113,RE6)*$AH6} -> 0 | RN6: {=INDEX(动作!$G$3:$G$113,RE6)*$AH6} -> 0 | RO6: {=INDEX(动作!$H$3:$H$113,RE6)} -> 0 | RP6: {=INDEX(动作!$L$3:$L$113,RE6)*(1+RM$25)*RD$8} -> 0 | RQ6: {=INDEX(动作!$K$3:$K$113,RE6)*RD$8} -> 0 | RR6: {=INDEX(动作!$J$3:$J$113,RE6)*RD$8} -> 0 | RS6: {=INDEX(动作!$N$3:$N$113,RE6)*RD$8} -> 0 | RT6: =(SUM(RR$4:RR$7)*(0.6+RO$25)+RR6*(0.4-RO$25))*(1+$T6+RN$25)+RS6 -> 7.56 | RU6: =RF6*RL6%+RG6*RM6%+RH6*RN6%+RO6 -> 0 | RV6: =IFERROR(OFFSET($X6,0,MATCH(RJ6,$Y$3:$AA$3,0)),0)+IF(RK6="心灵",$AB6,$X6)+IF(RK6="附着",$AC6,0)+IF(RK6="追击",$AD6,0)+RV$25+$W6+IF(RD$28,$AE$4,0)+RR11 -> 0.525 | RW6: =IF(RK6="DOT",50%,MIN($R6+RW$25+RP11,1)) -> 0.2 | RX6: =$S6+RX$25+RQ11 -> 0.8 | RY6: =1+RW6*RX6 -> 1.16 | RZ6: =1-$B$6+RZ$25+IF($C$6=$F6,$C$8,0)+$AG6+RT11 -> 0.8 | SA6: =IF(RZ6<1,RZ6,(RZ6-1)*0.925+1) -> 0.8 | SB6: =MIN($AF6+SB$25+RS11,1) -> 0 | SC6: =IF(RK6="心灵",1,$B$4/($B$4+$C$4*(1-SB6))) -> 0.49723757 | SD6: {=INDEX(动作!$I$3:$I$113,RE6)} -> 0 | SE6: =RU6*(1+RV6)*RY6*SA6*SC6*RV$28*(1+SC$25) -> 0 | SF6: =SE6*RD$8 -> 0 | SG6: {=INDEX(云配队!$J6:$AC6,1,SG$1)} -> 0 | SH6: {=IFERROR(MATCH(1,(动作!$A$3:$A$111=$D6)*EXACT(动作!$B$3:$B$111,SG6),0),1)} -> 1 | SI6: =$I6*(1+$J6+SI$25)+$K6+SJ$25 -> 1533.1344 | SJ6: =$L6*(1+$M6+SK$25)+$N6+SL$25 -> 19501.6 | SK6: =$O6*(1+$P6+SM$25)+$Q6+SN$25 -> 3374.0868 | SL6: =$U6+SO$25 -> 0 | SM6: {=INDEX(动作!$C$3:$C$113,SH6)} -> 无 | SN6: {=INDEX(动作!$D$3:$D$113,SH6)} -> 0 | SO6: {=INDEX(动作!$E$3:$E$113,SH6)*$AH6} -> 0 | SP6: {=INDEX(动作!$F$3:$F$113,SH6)*$AH6} -> 0 | SQ6: {=INDEX(动作!$G$3:$G$113,SH6)*$AH6} -> 0 | SR6: {=INDEX(动作!$H$3:$H$113,SH6)} -> 0 | SS6: {=INDEX(动作!$L$3:$L$113,SH6)*(1+SP$25)*SG$8} -> 0 | ST6: {=INDEX(动作!$K$3:$K$113,SH6)*SG$8} -> 0 | SU6: {=INDEX(动作!$J$3:$J$113,SH6)*SG$8} -> 0 | SV6: {=INDEX(动作!$N$3:$N$113,SH6)*SG$8} -> 0 | SW6: =(SUM(SU$4:SU$7)*(0.6+SR$25)+SU6*(0.4-SR$25))*(1+$T6+SQ$25)+SV6 -> 0 | SX6: =SI6*SO6%+SJ6*SP6%+SK6*SQ6%+SR6 -> 0 | SY6: =IFERROR(OFFSET($X6,0,MATCH(SM6,$Y$3:$AA$3,0)),0)+IF(SN6="心灵",$AB6,$X6)+IF(SN6="附着",$AC6,0)+IF(SN6="追击",$AD6,0)+SY$25+$W6+IF(SG$28,$AE$4,0)+SU11 -> 0.525 | SZ6: =IF(SN6="DOT",50%,MIN($R6+SZ$25+SS11,1)) -> 0.2 | TA6: =$S6+TA$25+ST11 -> 0.8 | TB6: =1+SZ6*TA6 -> 1.16 | TC6: =1-$B$6+TC$25+IF($C$6=$F6,$C$8,0)+$AG6+SW11 -> 0.8 | TD6: =IF(TC6<1,TC6,(TC6-1)*0.925+1) -> 0.8 | TE6: =MIN($AF6+TE$25+SV11,1) -> 0 | TF6: =IF(SN6="心灵",1,$B$4/($B$4+$C$4*(1-TE6))) -> 0.49723757 | TG6: {=INDEX(动作!$I$3:$I$113,SH6)} -> 0 | TH6: =SX6*(1+SY6)*TB6*TD6*TF6*SY$28*(1+TF$25) -> 0 | TI6: =TH6*SG$8 -> 0 | TJ6: {=INDEX(云配队!$J6:$AC6,1,TJ$1)} -> 0 | TK6: {=IFERROR(MATCH(1,(动作!$A$3:$A$111=$D6)*EXACT(动作!$B$3:$B$111,TJ6),0),1)} -> 1 | TL6: =$I6*(1+$J6+TL$25)+$K6+TM$25 -> 1533.1344 | TM6: =$L6*(1+$M6+TN$25)+$N6+TO$25 -> 19501.6 | TN6: =$O6*(1+$P6+TP$25)+$Q6+TQ$25 -> 3374.0868 | TO6: =$U6+TR$25 -> 0 | TP6: {=INDEX(动作!$C$3:$C$113,TK6)} -> 无 | TQ6: {=INDEX(动作!$D$3:$D$113,TK6)} -> 0 | TR6: {=INDEX(动作!$E$3:$E$113,TK6)*$AH6} -> 0 | TS6: {=INDEX(动作!$F$3:$F$113,TK6)*$AH6} -> 0 | TT6: {=INDEX(动作!$G$3:$G$113,TK6)*$AH6} -> 0 | TU6: {=INDEX(动作!$H$3:$H$113,TK6)} -> 0 | TV6: {=INDEX(动作!$L$3:$L$113,TK6)*(1+TS$25)*TJ$8} -> 0 | TW6: {=INDEX(动作!$K$3:$K$113,TK6)*TJ$8} -> 0 | TX6: {=INDEX(动作!$J$3:$J$113,TK6)*TJ$8} -> 0 | TY6: {=INDEX(动作!$N$3:$N$113,TK6)*TJ$8} -> 0 | TZ6: =(SUM(TX$4:TX$7)*(0.6+TU$25)+TX6*(0.4-TU$25))*(1+$T6+TT$25)+TY6 -> 0 | UA6: =TL6*TR6%+TM6*TS6%+TN6*TT6%+TU6 -> 0 | UB6: =IFERROR(OFFSET($X6,0,MATCH(TP6,$Y$3:$AA$3,0)),0)+IF(TQ6="心灵",$AB6,$X6)+IF(TQ6="附着",$AC6,0)+IF(TQ6="追击",$AD6,0)+UB$25+$W6+IF(TJ$28,$AE$4,0)+TX11 -> 0.525 | UC6: =IF(TQ6="DOT",50%,MIN($R6+UC$25+TV11,1)) -> 0.2 | UD6: =$S6+UD$25+TW11 -> 0.8 | UE6: =1+UC6*UD6 -> 1.16 | UF6: =1-$B$6+UF$25+IF($C$6=$F6,$C$8,0)+$AG6+TZ11 -> 0.8 | UG6: =IF(UF6<1,UF6,(UF6-1)*0.925+1) -> 0.8 | UH6: =MIN($AF6+UH$25+TY11,1) -> 0 | UI6: =IF(TQ6="心灵",1,$B$4/($B$4+$C$4*(1-UH6))) -> 0.49723757 | UJ6: {=INDEX(动作!$I$3:$I$113,TK6)} -> 0 | UK6: =UA6*(1+UB6)*UE6*UG6*UI6*UB$28*(1+UI$25) -> 0 | UL6: =UK6*TJ$8 -> 0 | UM6: {=INDEX(云配队!$J6:$AC6,1,UM$1)} -> 0 | UN6: {=IFERROR(MATCH(1,(动作!$A$3:$A$111=$D6)*EXACT(动作!$B$3:$B$111,UM6),0),1)} -> 1 | UO6: =$I6*(1+$J6+UO$25)+$K6+UP$25 -> 1533.1344 | UP6: =$L6*(1+$M6+UQ$25)+$N6+UR$25 -> 19501.6 | UQ6: =$O6*(1+$P6+US$25)+$Q6+UT$25 -> 3374.0868 | UR6: =$U6+UU$25 -> 0 | US6: {=INDEX(动作!$C$3:$C$113,UN6)} -> 无 | UT6: {=INDEX(动作!$D$3:$D$113,UN6)} -> 0 | UU6: {=INDEX(动作!$E$3:$E$113,UN6)*$AH6} -> 0 | UV6: {=INDEX(动作!$F$3:$F$113,UN6)*$AH6} -> 0 | UW6: {=INDEX(动作!$G$3:$G$113,UN6)*$AH6} -> 0 | UX6: {=INDEX(动作!$H$3:$H$113,UN6)} -> 0 | UY6: {=INDEX(动作!$L$3:$L$113,UN6)*(1+UV$25)*UM$8} -> 0 | UZ6: {=INDEX(动作!$K$3:$K$113,UN6)*UM$8} -> 0 | VA6: {=INDEX(动作!$J$3:$J$113,UN6)*UM$8} -> 0 | VB6: {=INDEX(动作!$N$3:$N$113,UN6)*UM$8} -> 0 | VC6: =(SUM(VA$4:VA$7)*(0.6+UX$25)+VA6*(0.4-UX$25))*(1+$T6+UW$25)+VB6 -> 0 | VD6: =UO6*UU6%+UP6*UV6%+UQ6*UW6%+UX6 -> 0 | VE6: =IFERROR(OFFSET($X6,0,MATCH(US6,$Y$3:$AA$3,0)),0)+IF(UT6="心灵",$AB6,$X6)+IF(UT6="附着",$AC6,0)+IF(UT6="追击",$AD6,0)+VE$25+$W6+IF(UM$28,$AE$4,0)+VA11 -> 0.6 | VF6: =IF(UT6="DOT",50%,MIN($R6+VF$25+UY11,1)) -> 0.2 | VG6: =$S6+VG$25+UZ11 -> 0.8 | VH6: =1+VF6*VG6 -> 1.16 | VI6: =1-$B$6+VI$25+IF($C$6=$F6,$C$8,0)+$AG6+VC11 -> 0.8 | VJ6: =IF(VI6<1,VI6,(VI6-1)*0.925+1) -> 0.8 | VK6: =MIN($AF6+VK$25+VB11,1) -> 0 | VL6: =IF(UT6="心灵",1,$B$4/($B$4+$C$4*(1-VK6))) -> 0.49723757 | VM6: {=INDEX(动作!$I$3:$I$113,UN6)} -> 0 | VN6: =VD6*(1+VE6)*VH6*VJ6*VL6*VE$28*(1+VL$25) -> 0 | VO6: =VN6*UM$8 -> 0 | VP6: {=INDEX(云配队!$J6:$AC6,1,VP$1)} -> 0 | VQ6: {=IFERROR(MATCH(1,(动作!$A$3:$A$111=$D6)*EXACT(动作!$B$3:$B$111,VP6),0),1)} -> 1 | VR6: =$I6*(1+$J6+VR$25)+$K6+VS$25 -> 1533.1344 | VS6: =$L6*(1+$M6+VT$25)+$N6+VU$25 -> 19501.6 | VT6: =$O6*(1+$P6+VV$25)+$Q6+VW$25 -> 3374.0868 | VU6: =$U6+VX$25 -> 0 | VV6: {=INDEX(动作!$C$3:$C$113,VQ6)} -> 无 | VW6: {=INDEX(动作!$D$3:$D$113,VQ6)} -> 0 | VX6: {=INDEX(动作!$E$3:$E$113,VQ6)*$AH6} -> 0 | VY6: {=INDEX(动作!$F$3:$F$113,VQ6)*$AH6} -> 0 | VZ6: {=INDEX(动作!$G$3:$G$113,VQ6)*$AH6} -> 0 | WA6: {=INDEX(动作!$H$3:$H$113,VQ6)} -> 0 | WB6: {=INDEX(动作!$L$3:$L$113,VQ6)*(1+VY$25)*VP$8} -> 0 | WC6: {=INDEX(动作!$K$3:$K$113,VQ6)*VP$8} -> 0 | WD6: {=INDEX(动作!$J$3:$J$113,VQ6)*VP$8} -> 0 | WE6: {=INDEX(动作!$N$3:$N$113,VQ6)*VP$8} -> 0 | WF6: =(SUM(WD$4:WD$7)*(0.6+WA$25)+WD6*(0.4-WA$25))*(1+$T6+VZ$25)+WE6 -> 0 | WG6: =VR6*VX6%+VS6*VY6%+VT6*VZ6%+WA6 -> 0 | WH6: =IFERROR(OFFSET($X6,0,MATCH(VV6,$Y$3:$AA$3,0)),0)+IF(VW6="心灵",$AB6,$X6)+IF(VW6="附着",$AC6,0)+IF(VW6="追击",$AD6,0)+WH$25+$W6+IF(VP$28,$AE$4,0)+WD11 -> 0.525 | WI6: =IF(VW6="DOT",50%,MIN($R6+WI$25+WB11,1)) -> 0.2 | WJ6: =$S6+WJ$25+WC11 -> 0.8 | WK6: =1+WI6*WJ6 -> 1.16 | WL6: =1-$B$6+WL$25+IF($C$6=$F6,$C$8,0)+$AG6+WF11 -> 0.8 | WM6: =IF(WL6<1,WL6,(WL6-1)*0.925+1) -> 0.8 | WN6: =MIN($AF6+WN$25+WE11,1) -> 0.1675 | WO6: =IF(VW6="心灵",1,$B$4/($B$4+$C$4*(1-WN6))) -> 0.54296186 | WP6: {=INDEX(动作!$I$3:$I$113,VQ6)} -> 0 | WQ6: =WG6*(1+WH6)*WK6*WM6*WO6*WH$28*(1+WO$25) -> 0 | WR6: =WQ6*VP$8 -> 0
C7: 弱点易伤 | D7: =云配队!F7 -> 九原 | E7: =MATCH($D7,角色!$A$3:$A$18,0) -> 6 | F7: =VLOOKUP($D7,配装!$A$3:$B$18,2,FALSE) -> 灵 | G7: =MATCH(云配队!G7,弧盘!$A$3:$A$51,0) -> 7 | H7: =MATCH(云配队!H7,卡带!$A$3:$A$14,0) -> 5 | I7: {=INDEX(配装!D$3:D$18,$E7)} -> 1221.9 | J7: {=INDEX(配装!E$3:E$18,$E7)+INDEX(弧盘!$R$3:$R$51,G7)+INDEX(卡带!$O$3:$O$14,H7)} -> 0.4875 | K7: {=INDEX(配装!F$3:F$18,$E7)} -> 420 | L7: {=INDEX(配装!H$3:H$18,$E7)} -> 15634.8 | M7: {=INDEX(配装!I$3:I$18,$E7)} -> 0 | N7: {=INDEX(配装!J$3:J$18,$E7)} -> 5200 | O7: {=INDEX(配装!L$3:L$18,$E7)} -> 909 | P7: {=INDEX(配装!M$3:M$18,$E7)} -> 0 | Q7: {=INDEX(配装!N$3:N$18,$E7)} -> 0 | R7: {=INDEX(配装!P$3:P$18,$E7)+INDEX(弧盘!P$3:P$51,$G7)+INDEX(卡带!M$3:M$14,$H7)} -> 0.75 | S7: {=INDEX(配装!Q$3:Q$18,$E7)+INDEX(弧盘!Q$3:Q$51,$G7)+INDEX(卡带!N$3:N$14,$H7)} -> 1.36 | T7: {=INDEX(配装!S$3:S$18,$E7)} -> 0 | U7: {=INDEX(配装!T$3:T$18,$E7)+INDEX(弧盘!V$3:V$51,$G7)} -> 0 | V7: {=INDEX(配装!U$3:U$18,$E7)+INDEX(弧盘!W$3:W$51,$G7)+IF(T13>=3,126,0)} -> 0 | W7: {=INDEX(角色!W$3:W$18,$E7)+INDEX(弧盘!X$3:X$51,$G7)+INDEX(卡带!Q$3:Q$15,$H7)+INDEX(配装!$AG$3:$AG$18,$E7)} -> 0.15 | X7: {=INDEX(配装!$R$3:$R$18,E7)+INDEX(弧盘!Y$3:Y$51,$G7)+INDEX(卡带!R$3:R$15,$H7)} -> 0.25 | Y7: {=INDEX(角色!Y$3:Y$18,$E7)+INDEX(弧盘!Z$3:Z$51,$G7)+INDEX(卡带!S$3:S$15,$H7)} -> 0 | Z7: {=INDEX(角色!Z$3:Z$18,$E7)+INDEX(弧盘!AA$3:AA$51,$G7)+INDEX(卡带!T$3:T$15,$H7)} -> 0 | AA7: {=INDEX(角色!AA$3:AA$18,$E7)+INDEX(弧盘!AB$3:AB$51,$G7)+INDEX(卡带!U$3:U$15,$H7)} -> 0 | AB7: {=INDEX(角色!AB$3:AB$18,$E7)+INDEX(弧盘!AC$3:AC$51,$G7)+INDEX(卡带!V$3:V$15,$H7)+INDEX(卡带!$I$3:$I$14,$H$4)} -> 0 | AC7: {=INDEX(角色!AC$3:AC$18,$E7)+INDEX(弧盘!AD$3:AD$51,$G7)} -> 0.3 | AD7: {=INDEX(角色!AD$3:AD$18,$E7)+INDEX(弧盘!AE$3:AE$51,$G7)} -> 0 | AE7: {=INDEX(角色!AE$3:AE$18,$E7)+INDEX(弧盘!AF$3:AF$51,$G7)} -> 0 | AF7: {=INDEX(角色!R$3:R$18,$E7)+INDEX(卡带!K$3:K$14,$H7)} -> 0 | AG7: {=INDEX(角色!S$3:S$18,$E7)+INDEX(卡带!L$3:L$14,$H7)} -> 0 | AH7: {=INDEX(配装!$AA$3:$AA$18,E7)} -> 1.9990046 | AK7: {=INDEX(云配队!$J7:$AC7,1,AK$1)} -> 0 | AL7: {=IFERROR(MATCH(1,(动作!$A$3:$A$111=$D7)*EXACT(动作!$B$3:$B$111,AK7),0),1)} -> 1 | AM7: =$I7*(1+$J7+AM$25)+$K7+AN$25 -> 2329.2188 | AN7: =$L7*(1+$M7+AO$25)+$N7+AP$25 -> 20834.8 | AO7: =$O7*(1+$P7+AQ$25)+$Q7+AR$25 -> 909 | AP7: =$U7+AS$25 -> 0 | AQ7: {=INDEX(动作!$C$3:$C$113,AL7)} -> 无 | AR7: {=INDEX(动作!$D$3:$D$113,AL7)} -> 0 | AS7: {=INDEX(动作!$E$3:$E$113,AL7)*$AH7} -> 0 | AT7: {=INDEX(动作!$F$3:$F$113,AL7)*$AH7} -> 0 | AU7: {=INDEX(动作!$G$3:$G$113,AL7)*$AH7} -> 0 | AV7: {=INDEX(动作!$H$3:$H$113,AL7)} -> 0 | AW7: {=INDEX(动作!$L$3:$L$113,AL7)*(1+AT$25)*AK$8} -> 0 | AX7: {=INDEX(动作!$K$3:$K$113,AL7)*AK$8} -> 0 | AY7: {=INDEX(动作!$J$3:$J$113,AL7)*AK$8} -> 0 | AZ7: {=INDEX(动作!$N$3:$N$113,AL7)*AK$8} -> 0 | BA7: =(SUM(AY$4:AY$7)*(0.6+AV$25)+AY7*(0.4-AV$25))*(1+$T7+AU$25)+AZ7 -> 5.2806 | BB7: =AM7*AS7%+AN7*AT7%+AO7*AU7%+AV7 -> 0 | BC7: =IFERROR(OFFSET($X7,0,MATCH(AQ7,$Y$3:$AA$3,0)),0)+IF(AR7="心灵",$AB7,$X7)+IF(AR7="附着",$AC7,0)+IF(AR7="追击",$AD7,0)+BC$25+$W7+IF(AK$28,$AE$4,0)+AY12 -> 0.4 | BD7: =IF(AR7="DOT",50%,MIN($R7+BD$25+AW12,1)) -> 0.75 | BE7: =$S7+BE$25+AX12 -> 1.36 | BF7: =1+BD7*BE7 -> 2.02 | BG7: =1-$B$6+BG$25+IF($C$6=$F7,$C$8,0)+$AG7+BA12 -> 0.8 | BH7: =IF(BG7<1,BG7,(BG7-1)*0.925+1) -> 0.8 | BI7: =MIN($AF7+BI$25+AZ12,1) -> 0.1675 | BJ7: =IF(AR7="心灵",1,$B$4/($B$4+$C$4*(1-BI7))) -> 0.54296186 | BK7: {=INDEX(动作!$I$3:$I$113,AL7)} -> 0 | BL7: =BB7*(1+BC7)*BF7*BH7*BJ7*BC$28*(1+BJ$25) -> 0 | BM7: =BL7*AK$8 -> 0 | BN7: {=INDEX(云配队!$J7:$AC7,1,BN$1)} -> 0 | BO7: {=IFERROR(MATCH(1,(动作!$A$3:$A$111=$D7)*EXACT(动作!$B$3:$B$111,BN7),0),1)} -> 1 | BP7: =$I7*(1+$J7+BP$25)+$K7+BQ$25 -> 2329.2188 | BQ7: =$L7*(1+$M7+BR$25)+$N7+BS$25 -> 20834.8 | BR7: =$O7*(1+$P7+BT$25)+$Q7+BU$25 -> 909 | BS7: =$U7+BV$25 -> 0 | BT7: {=INDEX(动作!$C$3:$C$113,BO7)} -> 无 | BU7: {=INDEX(动作!$D$3:$D$113,BO7)} -> 0 | BV7: {=INDEX(动作!$E$3:$E$113,BO7)*$AH7} -> 0 | BW7: {=INDEX(动作!$F$3:$F$113,BO7)*$AH7} -> 0 | BX7: {=INDEX(动作!$G$3:$G$113,BO7)*$AH7} -> 0 | BY7: {=INDEX(动作!$H$3:$H$113,BO7)} -> 0 | BZ7: {=INDEX(动作!$L$3:$L$113,BO7)*(1+BW$25)*BN$8} -> 0 | CA7: {=INDEX(动作!$K$3:$K$113,BO7)*BN$8} -> 0 | CB7: {=INDEX(动作!$J$3:$J$113,BO7)*BN$8} -> 0 | CC7: {=INDEX(动作!$N$3:$N$113,BO7)*BN$8} -> 0 | CD7: =(SUM(CB$4:CB$7)*(0.6+BY$25)+CB7*(0.4-BY$25))*(1+$T7+BX$25)+CC7 -> 0 | CE7: =BP7*BV7%+BQ7*BW7%+BR7*BX7%+BY7 -> 0 | CF7: =IFERROR(OFFSET($X7,0,MATCH(BT7,$Y$3:$AA$3,0)),0)+IF(BU7="心灵",$AB7,$X7)+IF(BU7="附着",$AC7,0)+IF(BU7="追击",$AD7,0)+CF$25+$W7+IF(BN$28,$AE$4,0)+CB12 -> 0.4 | CG7: =IF(BU7="DOT",50%,MIN($R7+CG$25+BZ12,1)) -> 0.75 | CH7: =$S7+CH$25+CA12 -> 1.36 | CI7: =1+CG7*CH7 -> 2.02 | CJ7: =1-$B$6+CJ$25+IF($C$6=$F7,$C$8,0)+$AG7+CD12 -> 0.8 | CK7: =IF(CJ7<1,CJ7,(CJ7-1)*0.925+1) -> 0.8 | CL7: =MIN($AF7+CL$25+CC12,1) -> 0.25 | CM7: =IF(BU7="心灵",1,$B$4/($B$4+$C$4*(1-CL7))) -> 0.56872038 | CN7: {=INDEX(动作!$I$3:$I$113,BO7)} -> 0 | CO7: =CE7*(1+CF7)*CI7*CK7*CM7*CF$28*(1+CM$25) -> 0 | CP7: =CO7*BN$8 -> 0 | CQ7: {=INDEX(云配队!$J7:$AC7,1,CQ$1)} -> 0 | CR7: {=IFERROR(MATCH(1,(动作!$A$3:$A$111=$D7)*EXACT(动作!$B$3:$B$111,CQ7),0),1)} -> 1 | CS7: =$I7*(1+$J7+CS$25)+$K7+CT$25 -> 2329.2188 | CT7: =$L7*(1+$M7+CU$25)+$N7+CV$25 -> 20834.8 | CU7: =$O7*(1+$P7+CW$25)+$Q7+CX$25 -> 909 | CV7: =$U7+CY$25 -> 0 | CW7: {=INDEX(动作!$C$3:$C$113,CR7)} -> 无 | CX7: {=INDEX(动作!$D$3:$D$113,CR7)} -> 0 | CY7: {=INDEX(动作!$E$3:$E$113,CR7)*$AH7} -> 0 | CZ7: {=INDEX(动作!$F$3:$F$113,CR7)*$AH7} -> 0 | DA7: {=INDEX(动作!$G$3:$G$113,CR7)*$AH7} -> 0 | DB7: {=INDEX(动作!$H$3:$H$113,CR7)} -> 0 | DC7: {=INDEX(动作!$L$3:$L$113,CR7)*(1+CZ$25)*CQ$8} -> 0 | DD7: {=INDEX(动作!$K$3:$K$113,CR7)*CQ$8} -> 0 | DE7: {=INDEX(动作!$J$3:$J$113,CR7)*CQ$8} -> 0 | DF7: {=INDEX(动作!$N$3:$N$113,CR7)*CQ$8} -> 0 | DG7: =(SUM(DE$4:DE$7)*(0.6+DB$25)+DE7*(0.4-DB$25))*(1+$T7+DA$25)+DF7 -> 3.78 | DH7: =CS7*CY7%+CT7*CZ7%+CU7*DA7%+DB7 -> 0 | DI7: =IFERROR(OFFSET($X7,0,MATCH(CW7,$Y$3:$AA$3,0)),0)+IF(CX7="心灵",$AB7,$X7)+IF(CX7="附着",$AC7,0)+IF(CX7="追击",$AD7,0)+DI$25+$W7+IF(CQ$28,$AE$4,0)+DE12 -> 0.4 | DJ7: =IF(CX7="DOT",50%,MIN($R7+DJ$25+DC12,1)) -> 0.75 | DK7: =$S7+DK$25+DD12 -> 1.66 | DL7: =1+DJ7*DK7 -> 2.245 | DM7: =1-$B$6+DM$25+IF($C$6=$F7,$C$8,0)+$AG7+DG12 -> 0.8 | DN7: =IF(DM7<1,DM7,(DM7-1)*0.925+1) -> 0.8 | DO7: =MIN($AF7+DO$25+DF12,1) -> 0 | DP7: =IF(CX7="心灵",1,$B$4/($B$4+$C$4*(1-DO7))) -> 0.49723757 | DQ7: {=INDEX(动作!$I$3:$I$113,CR7)} -> 0 | DR7: =DH7*(1+DI7)*DL7*DN7*DP7*DI$28*(1+DP$25) -> 0 | DS7: =DR7*CQ$8 -> 0 | DT7: {=INDEX(云配队!$J7:$AC7,1,DT$1)} -> 0 | DU7: {=IFERROR(MATCH(1,(动作!$A$3:$A$111=$D7)*EXACT(动作!$B$3:$B$111,DT7),0),1)} -> 1 | DV7: =$I7*(1+$J7+DV$25)+$K7+DW$25 -> 2329.2188 | DW7: =$L7*(1+$M7+DX$25)+$N7+DY$25 -> 20834.8 | DX7: =$O7*(1+$P7+DZ$25)+$Q7+EA$25 -> 909 | DY7: =$U7+EB$25 -> 0 | DZ7: {=INDEX(动作!$C$3:$C$113,DU7)} -> 无 | EA7: {=INDEX(动作!$D$3:$D$113,DU7)} -> 0 | EB7: {=INDEX(动作!$E$3:$E$113,DU7)*$AH7} -> 0 | EC7: {=INDEX(动作!$F$3:$F$113,DU7)*$AH7} -> 0 | ED7: {=INDEX(动作!$G$3:$G$113,DU7)*$AH7} -> 0 | EE7: {=INDEX(动作!$H$3:$H$113,DU7)} -> 0 | EF7: {=INDEX(动作!$L$3:$L$113,DU7)*(1+EC$25)*DT$8} -> 0 | EG7: {=INDEX(动作!$K$3:$K$113,DU7)*DT$8} -> 0 | EH7: {=INDEX(动作!$J$3:$J$113,DU7)*DT$8} -> 0 | EI7: {=INDEX(动作!$N$3:$N$113,DU7)*DT$8} -> 0 | EJ7: =(SUM(EH$4:EH$7)*(0.6+EE$25)+EH7*(0.4-EE$25))*(1+$T7+ED$25)+EI7 -> 0 | EK7: =DV7*EB7%+DW7*EC7%+DX7*ED7%+EE7 -> 0 | EL7: =IFERROR(OFFSET($X7,0,MATCH(DZ7,$Y$3:$AA$3,0)),0)+IF(EA7="心灵",$AB7,$X7)+IF(EA7="附着",$AC7,0)+IF(EA7="追击",$AD7,0)+EL$25+$W7+IF(DT$28,$AE$4,0)+EH12 -> 0.5 | EM7: =IF(EA7="DOT",50%,MIN($R7+EM$25+EF12,1)) -> 0.75 | EN7: =$S7+EN$25+EG12 -> 1.66 | EO7: =1+EM7*EN7 -> 2.245 | EP7: =1-$B$6+EP$25+IF($C$6=$F7,$C$8,0)+$AG7+EJ12 -> 0.8 | EQ7: =IF(EP7<1,EP7,(EP7-1)*0.925+1) -> 0.8 | ER7: =MIN($AF7+ER$25+EI12,1) -> 0 | ES7: =IF(EA7="心灵",1,$B$4/($B$4+$C$4*(1-ER7))) -> 0.49723757 | ET7: {=INDEX(动作!$I$3:$I$113,DU7)} -> 0 | EU7: =EK7*(1+EL7)*EO7*EQ7*ES7*EL$28*(1+ES$25) -> 0 | EV7: =EU7*DT$8 -> 0 | EW7: {=INDEX(云配队!$J7:$AC7,1,EW$1)} -> 0 | EX7: {=IFERROR(MATCH(1,(动作!$A$3:$A$111=$D7)*EXACT(动作!$B$3:$B$111,EW7),0),1)} -> 1 | EY7: =$I7*(1+$J7+EY$25)+$K7+EZ$25 -> 2329.2188 | EZ7: =$L7*(1+$M7+FA$25)+$N7+FB$25 -> 20834.8 | FA7: =$O7*(1+$P7+FC$25)+$Q7+FD$25 -> 909 | FB7: =$U7+FE$25 -> 0 | FC7: {=INDEX(动作!$C$3:$C$113,EX7)} -> 无 | FD7: {=INDEX(动作!$D$3:$D$113,EX7)} -> 0 | FE7: {=INDEX(动作!$E$3:$E$113,EX7)*$AH7} -> 0 | FF7: {=INDEX(动作!$F$3:$F$113,EX7)*$AH7} -> 0 | FG7: {=INDEX(动作!$G$3:$G$113,EX7)*$AH7} -> 0 | FH7: {=INDEX(动作!$H$3:$H$113,EX7)} -> 0 | FI7: {=INDEX(动作!$L$3:$L$113,EX7)*(1+FF$25)*EW$8} -> 0 | FJ7: {=INDEX(动作!$K$3:$K$113,EX7)*EW$8} -> 0 | FK7: {=INDEX(动作!$J$3:$J$113,EX7)*EW$8} -> 0 | FL7: {=INDEX(动作!$N$3:$N$113,EX7)*EW$8} -> 0 | FM7: =(SUM(FK$4:FK$7)*(0.6+FH$25)+FK7*(0.4-FH$25))*(1+$T7+FG$25)+FL7 -> 19.9188 | FN7: =EY7*FE7%+EZ7*FF7%+FA7*FG7%+FH7 -> 0 | FO7: =IFERROR(OFFSET($X7,0,MATCH(FC7,$Y$3:$AA$3,0)),0)+IF(FD7="心灵",$AB7,$X7)+IF(FD7="附着",$AC7,0)+IF(FD7="追击",$AD7,0)+FO$25+$W7+IF(EW$28,$AE$4,0)+FK12 -> 0.5875 | FP7: =IF(FD7="DOT",50%,MIN($R7+FP$25+FI12,1)) -> 0.75 | FQ7: =$S7+FQ$25+FJ12 -> 1.66 | FR7: =1+FP7*FQ7 -> 2.245 | FS7: =1-$B$6+FS$25+IF($C$6=$F7,$C$8,0)+$AG7+FM12 -> 0.8 | FT7: =IF(FS7<1,FS7,(FS7-1)*0.925+1) -> 0.8 | FU7: =MIN($AF7+FU$25+FL12,1) -> 0 | FV7: =IF(FD7="心灵",1,$B$4/($B$4+$C$4*(1-FU7))) -> 0.49723757 | FW7: {=INDEX(动作!$I$3:$I$113,EX7)} -> 0 | FX7: =FN7*(1+FO7)*FR7*FT7*FV7*FO$28*(1+FV$25) -> 0 | FY7: =FX7*EW$8 -> 0 | FZ7: {=INDEX(云配队!$J7:$AC7,1,FZ$1)} -> 0 | GA7: {=IFERROR(MATCH(1,(动作!$A$3:$A$111=$D7)*EXACT(动作!$B$3:$B$111,FZ7),0),1)} -> 1 | GB7: =$I7*(1+$J7+GB$25)+$K7+GC$25 -> 2329.2188 | GC7: =$L7*(1+$M7+GD$25)+$N7+GE$25 -> 20834.8 | GD7: =$O7*(1+$P7+GF$25)+$Q7+GG$25 -> 909 | GE7: =$U7+GH$25 -> 0 | GF7: {=INDEX(动作!$C$3:$C$113,GA7)} -> 无 | GG7: {=INDEX(动作!$D$3:$D$113,GA7)} -> 0 | GH7: {=INDEX(动作!$E$3:$E$113,GA7)*$AH7} -> 0 | GI7: {=INDEX(动作!$F$3:$F$113,GA7)*$AH7} -> 0 | GJ7: {=INDEX(动作!$G$3:$G$113,GA7)*$AH7} -> 0 | GK7: {=INDEX(动作!$H$3:$H$113,GA7)} -> 0 | GL7: {=INDEX(动作!$L$3:$L$113,GA7)*(1+GI$25)*FZ$8} -> 0 | GM7: {=INDEX(动作!$K$3:$K$113,GA7)*FZ$8} -> 0 | GN7: {=INDEX(动作!$J$3:$J$113,GA7)*FZ$8} -> 0 | GO7: {=INDEX(动作!$N$3:$N$113,GA7)*FZ$8} -> 0 | GP7: =(SUM(GN$4:GN$7)*(0.6+GK$25)+GN7*(0.4-GK$25))*(1+$T7+GJ$25)+GO7 -> 0 | GQ7: =GB7*GH7%+GC7*GI7%+GD7*GJ7%+GK7 -> 0 | GR7: =IFERROR(OFFSET($X7,0,MATCH(GF7,$Y$3:$AA$3,0)),0)+IF(GG7="心灵",$AB7,$X7)+IF(GG7="附着",$AC7,0)+IF(GG7="追击",$AD7,0)+GR$25+$W7+IF(FZ$28,$AE$4,0)+GN12 -> 0.65 | GS7: =IF(GG7="DOT",50%,MIN($R7+GS$25+GL12,1)) -> 0.75 | GT7: =$S7+GT$25+GM12 -> 1.66 | GU7: =1+GS7*GT7 -> 2.245 | GV7: =1-$B$6+GV$25+IF($C$6=$F7,$C$8,0)+$AG7+GP12 -> 0.8 | GW7: =IF(GV7<1,GV7,(GV7-1)*0.925+1) -> 0.8 | GX7: =MIN($AF7+GX$25+GO12,1) -> 0 | GY7: =IF(GG7="心灵",1,$B$4/($B$4+$C$4*(1-GX7))) -> 0.49723757 | GZ7: {=INDEX(动作!$I$3:$I$113,GA7)} -> 0 | HA7: =GQ7*(1+GR7)*GU7*GW7*GY7*GR$28*(1+GY$25) -> 0 | HB7: =HA7*FZ$8 -> 0 | HC7: {=INDEX(云配队!$J7:$AC7,1,HC$1)} -> 0 | HD7: {=IFERROR(MATCH(1,(动作!$A$3:$A$111=$D7)*EXACT(动作!$B$3:$B$111,HC7),0),1)} -> 1 | HE7: =$I7*(1+$J7+HE$25)+$K7+HF$25 -> 2329.2188 | HF7: =$L7*(1+$M7+HG$25)+$N7+HH$25 -> 20834.8 | HG7: =$O7*(1+$P7+HI$25)+$Q7+HJ$25 -> 909 | HH7: =$U7+HK$25 -> 0 | HI7: {=INDEX(动作!$C$3:$C$113,HD7)} -> 无 | HJ7: {=INDEX(动作!$D$3:$D$113,HD7)} -> 0 | HK7: {=INDEX(动作!$E$3:$E$113,HD7)*$AH7} -> 0 | HL7: {=INDEX(动作!$F$3:$F$113,HD7)*$AH7} -> 0 | HM7: {=INDEX(动作!$G$3:$G$113,HD7)*$AH7} -> 0 | HN7: {=INDEX(动作!$H$3:$H$113,HD7)} -> 0 | HO7: {=INDEX(动作!$L$3:$L$113,HD7)*(1+HL$25)*HC$8} -> 0 | HP7: {=INDEX(动作!$K$3:$K$113,HD7)*HC$8} -> 0 | HQ7: {=INDEX(动作!$J$3:$J$113,HD7)*HC$8} -> 0 | HR7: {=INDEX(动作!$N$3:$N$113,HD7)*HC$8} -> 0 | HS7: =(SUM(HQ$4:HQ$7)*(0.6+HN$25)+HQ7*(0.4-HN$25))*(1+$T7+HM$25)+HR7 -> 7.56 | HT7: =HE7*HK7%+HF7*HL7%+HG7*HM7%+HN7 -> 0 | HU7: =IFERROR(OFFSET($X7,0,MATCH(HI7,$Y$3:$AA$3,0)),0)+IF(HJ7="心灵",$AB7,$X7)+IF(HJ7="附着",$AC7,0)+IF(HJ7="追击",$AD7,0)+HU$25+$W7+IF(HC$28,$AE$4,0)+HQ12 -> 0.475 | HV7: =IF(HJ7="DOT",50%,MIN($R7+HV$25+HO12,1)) -> 0.75 | HW7: =$S7+HW$25+HP12 -> 1.66 | HX7: =1+HV7*HW7 -> 2.245 | HY7: =1-$B$6+HY$25+IF($C$6=$F7,$C$8,0)+$AG7+HS12 -> 0.8 | HZ7: =IF(HY7<1,HY7,(HY7-1)*0.925+1) -> 0.8 | IA7: =MIN($AF7+IA$25+HR12,1) -> 0 | IB7: =IF(HJ7="心灵",1,$B$4/($B$4+$C$4*(1-IA7))) -> 0.49723757 | IC7: {=INDEX(动作!$I$3:$I$113,HD7)} -> 0 | ID7: =HT7*(1+HU7)*HX7*HZ7*IB7*HU$28*(1+IB$25) -> 0 | IE7: =ID7*HC$8 -> 0 | IF7: {=INDEX(云配队!$J7:$AC7,1,IF$1)} -> 0 | IG7: {=IFERROR(MATCH(1,(动作!$A$3:$A$111=$D7)*EXACT(动作!$B$3:$B$111,IF7),0),1)} -> 1 | IH7: =$I7*(1+$J7+IH$25)+$K7+II$25 -> 2329.2188 | II7: =$L7*(1+$M7+IJ$25)+$N7+IK$25 -> 20834.8 | IJ7: =$O7*(1+$P7+IL$25)+$Q7+IM$25 -> 909 | IK7: =$U7+IN$25 -> 0 | IL7: {=INDEX(动作!$C$3:$C$113,IG7)} -> 无 | IM7: {=INDEX(动作!$D$3:$D$113,IG7)} -> 0 | IN7: {=INDEX(动作!$E$3:$E$113,IG7)*$AH7} -> 0 | IO7: {=INDEX(动作!$F$3:$F$113,IG7)*$AH7} -> 0 | IP7: {=INDEX(动作!$G$3:$G$113,IG7)*$AH7} -> 0 | IQ7: {=INDEX(动作!$H$3:$H$113,IG7)} -> 0 | IR7: {=INDEX(动作!$L$3:$L$113,IG7)*(1+IO$25)*IF$8} -> 0 | IS7: {=INDEX(动作!$K$3:$K$113,IG7)*IF$8} -> 0 | IT7: {=INDEX(动作!$J$3:$J$113,IG7)*IF$8} -> 0 | IU7: {=INDEX(动作!$N$3:$N$113,IG7)*IF$8} -> 0 | IV7: =(SUM(IT$4:IT$7)*(0.6+IQ$25)+IT7*(0.4-IQ$25))*(1+$T7+IP$25)+IU7 -> 0 | IW7: =IH7*IN7%+II7*IO7%+IJ7*IP7%+IQ7 -> 0 | IX7: =IFERROR(OFFSET($X7,0,MATCH(IL7,$Y$3:$AA$3,0)),0)+IF(IM7="心灵",$AB7,$X7)+IF(IM7="附着",$AC7,0)+IF(IM7="追击",$AD7,0)+IX$25+$W7+IF(IF$28,$AE$4,0)+IT12 -> 0.65 | IY7: =IF(IM7="DOT",50%,MIN($R7+IY$25+IR12,1)) -> 0.75 | IZ7: =$S7+IZ$25+IS12 -> 1.66 | JA7: =1+IY7*IZ7 -> 2.245 | JB7: =1-$B$6+JB$25+IF($C$6=$F7,$C$8,0)+$AG7+IV12 -> 0.8 | JC7: =IF(JB7<1,JB7,(JB7-1)*0.925+1) -> 0.8 | JD7: =MIN($AF7+JD$25+IU12,1) -> 0 | JE7: =IF(IM7="心灵",1,$B$4/($B$4+$C$4*(1-JD7))) -> 0.49723757 | JF7: {=INDEX(动作!$I$3:$I$113,IG7)} -> 0 | JG7: =IW7*(1+IX7)*JA7*JC7*JE7*IX$28*(1+JE$25) -> 0 | JH7: =JG7*IF$8 -> 0 | JI7: {=INDEX(云配队!$J7:$AC7,1,JI$1)} -> 0 | JJ7: {=IFERROR(MATCH(1,(动作!$A$3:$A$111=$D7)*EXACT(动作!$B$3:$B$111,JI7),0),1)} -> 1 | JK7: =$I7*(1+$J7+JK$25)+$K7+JL$25 -> 2329.2188 | JL7: =$L7*(1+$M7+JM$25)+$N7+JN$25 -> 20834.8 | JM7: =$O7*(1+$P7+JO$25)+$Q7+JP$25 -> 909 | JN7: =$U7+JQ$25 -> 0 | JO7: {=INDEX(动作!$C$3:$C$113,JJ7)} -> 无 | JP7: {=INDEX(动作!$D$3:$D$113,JJ7)} -> 0 | JQ7: {=INDEX(动作!$E$3:$E$113,JJ7)*$AH7} -> 0 | JR7: {=INDEX(动作!$F$3:$F$113,JJ7)*$AH7} -> 0 | JS7: {=INDEX(动作!$G$3:$G$113,JJ7)*$AH7} -> 0 | JT7: {=INDEX(动作!$H$3:$H$113,JJ7)} -> 0 | JU7: {=INDEX(动作!$L$3:$L$113,JJ7)*(1+JR$25)*JI$8} -> 0 | JV7: {=INDEX(动作!$K$3:$K$113,JJ7)*JI$8} -> 0 | JW7: {=INDEX(动作!$J$3:$J$113,JJ7)*JI$8} -> 0 | JX7: {=INDEX(动作!$N$3:$N$113,JJ7)*JI$8} -> 0 | JY7: =(SUM(JW$4:JW$7)*(0.6+JT$25)+JW7*(0.4-JT$25))*(1+$T7+JS$25)+JX7 -> 0 | JZ7: =JK7*JQ7%+JL7*JR7%+JM7*JS7%+JT7 -> 0 | KA7: =IFERROR(OFFSET($X7,0,MATCH(JO7,$Y$3:$AA$3,0)),0)+IF(JP7="心灵",$AB7,$X7)+IF(JP7="附着",$AC7,0)+IF(JP7="追击",$AD7,0)+KA$25+$W7+IF(JI$28,$AE$4,0)+JW12 -> 0.4 | KB7: =IF(JP7="DOT",50%,MIN($R7+KB$25+JU12,1)) -> 0.75 | KC7: =$S7+KC$25+JV12 -> 1.36 | KD7: =1+KB7*KC7 -> 2.02 | KE7: =1-$B$6+KE$25+IF($C$6=$F7,$C$8,0)+$AG7+JY12 -> 0.8 | KF7: =IF(KE7<1,KE7,(KE7-1)*0.925+1) -> 0.8 | KG7: =MIN($AF7+KG$25+JX12,1) -> 0 | KH7: =IF(JP7="心灵",1,$B$4/($B$4+$C$4*(1-KG7))) -> 0.49723757 | KI7: {=INDEX(动作!$I$3:$I$113,JJ7)} -> 0 | KJ7: =JZ7*(1+KA7)*KD7*KF7*KH7*KA$28*(1+KH$25) -> 0 | KK7: =KJ7*JI$8 -> 0 | KL7: {=INDEX(云配队!$J7:$AC7,1,KL$1)} -> 0 | KM7: {=IFERROR(MATCH(1,(动作!$A$3:$A$111=$D7)*EXACT(动作!$B$3:$B$111,KL7),0),1)} -> 1 | KN7: =$I7*(1+$J7+KN$25)+$K7+KO$25 -> 2329.2188 | KO7: =$L7*(1+$M7+KP$25)+$N7+KQ$25 -> 20834.8 | KP7: =$O7*(1+$P7+KR$25)+$Q7+KS$25 -> 909 | KQ7: =$U7+KT$25 -> 0 | KR7: {=INDEX(动作!$C$3:$C$113,KM7)} -> 无 | KS7: {=INDEX(动作!$D$3:$D$113,KM7)} -> 0 | KT7: {=INDEX(动作!$E$3:$E$113,KM7)*$AH7} -> 0 | KU7: {=INDEX(动作!$F$3:$F$113,KM7)*$AH7} -> 0 | KV7: {=INDEX(动作!$G$3:$G$113,KM7)*$AH7} -> 0 | KW7: {=INDEX(动作!$H$3:$H$113,KM7)} -> 0 | KX7: {=INDEX(动作!$L$3:$L$113,KM7)*(1+KU$25)*KL$8} -> 0 | KY7: {=INDEX(动作!$K$3:$K$113,KM7)*KL$8} -> 0 | KZ7: {=INDEX(动作!$J$3:$J$113,KM7)*KL$8} -> 0 | LA7: {=INDEX(动作!$N$3:$N$113,KM7)*KL$8} -> 0 | LB7: =(SUM(KZ$4:KZ$7)*(0.6+KW$25)+KZ7*(0.4-KW$25))*(1+$T7+KV$25)+LA7 -> 0 | LC7: =KN7*KT7%+KO7*KU7%+KP7*KV7%+KW7 -> 0 | LD7: =IFERROR(OFFSET($X7,0,MATCH(KR7,$Y$3:$AA$3,0)),0)+IF(KS7="心灵",$AB7,$X7)+IF(KS7="附着",$AC7,0)+IF(KS7="追击",$AD7,0)+LD$25+$W7+IF(KL$28,$AE$4,0)+KZ12 -> 1.1 | LE7: =IF(KS7="DOT",50%,MIN($R7+LE$25+KX12,1)) -> 0.75 | LF7: =$S7+LF$25+KY12 -> 1.36 | LG7: =1+LE7*LF7 -> 2.02 | LH7: =1-$B$6+LH$25+IF($C$6=$F7,$C$8,0)+$AG7+LB12 -> 0.8 | LI7: =IF(LH7<1,LH7,(LH7-1)*0.925+1) -> 0.8 | LJ7: =MIN($AF7+LJ$25+LA12,1) -> 0 | LK7: =IF(KS7="心灵",1,$B$4/($B$4+$C$4*(1-LJ7))) -> 0.49723757 | LL7: {=INDEX(动作!$I$3:$I$113,KM7)} -> 0 | LM7: =LC7*(1+LD7)*LG7*LI7*LK7*LD$28*(1+LK$25) -> 0 | LN7: =LM7*KL$8 -> 0 | LO7: {=INDEX(云配队!$J7:$AC7,1,LO$1)} -> 0 | LP7: {=IFERROR(MATCH(1,(动作!$A$3:$A$111=$D7)*EXACT(动作!$B$3:$B$111,LO7),0),1)} -> 1 | LQ7: =$I7*(1+$J7+LQ$25)+$K7+LR$25 -> 2329.2188 | LR7: =$L7*(1+$M7+LS$25)+$N7+LT$25 -> 20834.8 | LS7: =$O7*(1+$P7+LU$25)+$Q7+LV$25 -> 909 | LT7: =$U7+LW$25 -> 0 | LU7: {=INDEX(动作!$C$3:$C$113,LP7)} -> 无 | LV7: {=INDEX(动作!$D$3:$D$113,LP7)} -> 0 | LW7: {=INDEX(动作!$E$3:$E$113,LP7)*$AH7} -> 0 | LX7: {=INDEX(动作!$F$3:$F$113,LP7)*$AH7} -> 0 | LY7: {=INDEX(动作!$G$3:$G$113,LP7)*$AH7} -> 0 | LZ7: {=INDEX(动作!$H$3:$H$113,LP7)} -> 0 | MA7: {=INDEX(动作!$L$3:$L$113,LP7)*(1+LX$25)*LO$8} -> 0 | MB7: {=INDEX(动作!$K$3:$K$113,LP7)*LO$8} -> 0 | MC7: {=INDEX(动作!$J$3:$J$113,LP7)*LO$8} -> 0 | MD7: {=INDEX(动作!$N$3:$N$113,LP7)*LO$8} -> 0 | ME7: =(SUM(MC$4:MC$7)*(0.6+LZ$25)+MC7*(0.4-LZ$25))*(1+$T7+LY$25)+MD7 -> 7.2 | MF7: =LQ7*LW7%+LR7*LX7%+LS7*LY7%+LZ7 -> 0 | MG7: =IFERROR(OFFSET($X7,0,MATCH(LU7,$Y$3:$AA$3,0)),0)+IF(LV7="心灵",$AB7,$X7)+IF(LV7="附着",$AC7,0)+IF(LV7="追击",$AD7,0)+MG$25+$W7+IF(LO$28,$AE$4,0)+MC12 -> 0.75 | MH7: =IF(LV7="DOT",50%,MIN($R7+MH$25+MA12,1)) -> 0.75 | MI7: =$S7+MI$25+MB12 -> 1.36 | MJ7: =1+MH7*MI7 -> 2.02 | MK7: =1-$B$6+MK$25+IF($C$6=$F7,$C$8,0)+$AG7+ME12 -> 0.8 | ML7: =IF(MK7<1,MK7,(MK7-1)*0.925+1) -> 0.8 | MM7: =MIN($AF7+MM$25+MD12,1) -> 0 | MN7: =IF(LV7="心灵",1,$B$4/($B$4+$C$4*(1-MM7))) -> 0.49723757 | MO7: {=INDEX(动作!$I$3:$I$113,LP7)} -> 0 | MP7: =MF7*(1+MG7)*MJ7*ML7*MN7*MG$28*(1+MN$25) -> 0 | MQ7: =MP7*LO$8 -> 0 | MR7: {=INDEX(云配队!$J7:$AC7,1,MR$1)} -> q清算 | MS7: {=IFERROR(MATCH(1,(动作!$A$3:$A$111=$D7)*EXACT(动作!$B$3:$B$111,MR7),0),1)} -> 45 | MT7: =$I7*(1+$J7+MT$25)+$K7+MU$25 -> 2329.2188 | MU7: =$L7*(1+$M7+MV$25)+$N7+MW$25 -> 20834.8 | MV7: =$O7*(1+$P7+MX$25)+$Q7+MY$25 -> 909 | MW7: =$U7+MZ$25 -> 0 | MX7: {=INDEX(动作!$C$3:$C$113,MS7)} -> 普攻 | MY7: {=INDEX(动作!$D$3:$D$113,MS7)} -> 附着 | MZ7: {=INDEX(动作!$E$3:$E$113,MS7)*$AH7} -> 799.60185 | NA7: {=INDEX(动作!$F$3:$F$113,MS7)*$AH7} -> 0 | NB7: {=INDEX(动作!$G$3:$G$113,MS7)*$AH7} -> 0 | NC7: {=INDEX(动作!$H$3:$H$113,MS7)} -> 0 | ND7: {=INDEX(动作!$L$3:$L$113,MS7)*(1+NA$25)*MR$8} -> 0 | NE7: {=INDEX(动作!$K$3:$K$113,MS7)*MR$8} -> 0 | NF7: {=INDEX(动作!$J$3:$J$113,MS7)*MR$8} -> 0 | NG7: {=INDEX(动作!$N$3:$N$113,MS7)*MR$8} -> 40 | NH7: =(SUM(NF$4:NF$7)*(0.6+NC$25)+NF7*(0.4-NC$25))*(1+$T7+NB$25)+NG7 -> 40 | NI7: =MT7*MZ7%+MU7*NA7%+MV7*NB7%+NC7 -> 18624.476 | NJ7: =IFERROR(OFFSET($X7,0,MATCH(MX7,$Y$3:$AA$3,0)),0)+IF(MY7="心灵",$AB7,$X7)+IF(MY7="附着",$AC7,0)+IF(MY7="追击",$AD7,0)+NJ$25+$W7+IF(MR$28,$AE$4,0)+NF12 -> 0.7 | NK7: =IF(MY7="DOT",50%,MIN($R7+NK$25+ND12,1)) -> 0.75 | NL7: =$S7+NL$25+NE12 -> 1.36 | NM7: =1+NK7*NL7 -> 2.02 | NN7: =1-$B$6+NN$25+IF($C$6=$F7,$C$8,0)+$AG7+NH12 -> 0.8 | NO7: =IF(NN7<1,NN7,(NN7-1)*0.925+1) -> 0.8 | NP7: =MIN($AF7+NP$25+NG12,1) -> 0 | NQ7: =IF(MY7="心灵",1,$B$4/($B$4+$C$4*(1-NP7))) -> 0.49723757 | NR7: {=INDEX(动作!$I$3:$I$113,MS7)} -> 0 | NS7: =NI7*(1+NJ7)*NM7*NO7*NQ7*NJ$28*(1+NQ$25) -> 25441.24 | NT7: =NS7*MR$8 -> 25441.24 | NU7: {=INDEX(云配队!$J7:$AC7,1,NU$1)} -> 6枪 | NV7: {=IFERROR(MATCH(1,(动作!$A$3:$A$111=$D7)*EXACT(动作!$B$3:$B$111,NU7),0),1)} -> 42 | NW7: =$I7*(1+$J7+NW$25)+$K7+NX$25 -> 2329.2188 | NX7: =$L7*(1+$M7+NY$25)+$N7+NZ$25 -> 20834.8 | NY7: =$O7*(1+$P7+OA$25)+$Q7+OB$25 -> 909 | NZ7: =$U7+OC$25 -> 0 | OA7: {=INDEX(动作!$C$3:$C$113,NV7)} -> 普攻 | OB7: {=INDEX(动作!$D$3:$D$113,NV7)} -> 0 | OC7: {=INDEX(动作!$E$3:$E$113,NV7)*$AH7} -> 399.40112 | OD7: {=INDEX(动作!$F$3:$F$113,NV7)*$AH7} -> 0 | OE7: {=INDEX(动作!$G$3:$G$113,NV7)*$AH7} -> 0 | OF7: {=INDEX(动作!$H$3:$H$113,NV7)} -> 0 | OG7: {=INDEX(动作!$L$3:$L$113,NV7)*(1+OD$25)*NU$8} -> 0 | OH7: {=INDEX(动作!$K$3:$K$113,NV7)*NU$8} -> 0 | OI7: {=INDEX(动作!$J$3:$J$113,NV7)*NU$8} -> 0 | OJ7: {=INDEX(动作!$N$3:$N$113,NV7)*NU$8} -> 0 | OK7: =(SUM(OI$4:OI$7)*(0.6+OF$25)+OI7*(0.4-OF$25))*(1+$T7+OE$25)+OJ7 -> 0 | OL7: =NW7*OC7%+NX7*OD7%+NY7*OE7%+OF7 -> 9302.9259 | OM7: =IFERROR(OFFSET($X7,0,MATCH(OA7,$Y$3:$AA$3,0)),0)+IF(OB7="心灵",$AB7,$X7)+IF(OB7="附着",$AC7,0)+IF(OB7="追击",$AD7,0)+OM$25+$W7+IF(NU$28,$AE$4,0)+OI12 -> 0.4 | ON7: =IF(OB7="DOT",50%,MIN($R7+ON$25+OG12,1)) -> 0.75 | OO7: =$S7+OO$25+OH12 -> 1.36 | OP7: =1+ON7*OO7 -> 2.02 | OQ7: =1-$B$6+OQ$25+IF($C$6=$F7,$C$8,0)+$AG7+OK12 -> 0.8 | OR7: =IF(OQ7<1,OQ7,(OQ7-1)*0.925+1) -> 0.8 | OS7: =MIN($AF7+OS$25+OJ12,1) -> 0 | OT7: =IF(OB7="心灵",1,$B$4/($B$4+$C$4*(1-OS7))) -> 0.49723757 | OU7: {=INDEX(动作!$I$3:$I$113,NV7)} -> 0.3 | OV7: =OL7*(1+OM7)*OP7*OR7*OT7*OM$28*(1+OT$25) -> 10465.329 | OW7: =OV7*NU$8 -> 10465.329 | OX7: {=INDEX(云配队!$J7:$AC7,1,OX$1)} -> e | OY7: {=IFERROR(MATCH(1,(动作!$A$3:$A$111=$D7)*EXACT(动作!$B$3:$B$111,OX7),0),1)} -> 46 | OZ7: =$I7*(1+$J7+OZ$25)+$K7+PA$25 -> 2329.2188 | PA7: =$L7*(1+$M7+PB$25)+$N7+PC$25 -> 20834.8 | PB7: =$O7*(1+$P7+PD$25)+$Q7+PE$25 -> 909 | PC7: =$U7+PF$25 -> 0 | PD7: {=INDEX(动作!$C$3:$C$113,OY7)} -> E | PE7: {=INDEX(动作!$D$3:$D$113,OY7)} -> 0 | PF7: {=INDEX(动作!$E$3:$E$113,OY7)*$AH7} -> 599.70139 | PG7: {=INDEX(动作!$F$3:$F$113,OY7)*$AH7} -> 0 | PH7: {=INDEX(动作!$G$3:$G$113,OY7)*$AH7} -> 0 | PI7: {=INDEX(动作!$H$3:$H$113,OY7)} -> 0 | PJ7: {=INDEX(动作!$L$3:$L$113,OY7)*(1+PG$25)*OX$8} -> 1.4 | PK7: {=INDEX(动作!$K$3:$K$113,OY7)*OX$8} -> 11.802 | PL7: {=INDEX(动作!$J$3:$J$113,OY7)*OX$8} -> 7.1 | PM7: {=INDEX(动作!$N$3:$N$113,OY7)*OX$8} -> 0 | PN7: =(SUM(PL$4:PL$7)*(0.6+PI$25)+PL7*(0.4-PI$25))*(1+$T7+PH$25)+PM7 -> 7.1 | PO7: =OZ7*PF7%+PA7*PG7%+PB7*PH7%+PI7 -> 13968.357 | PP7: =IFERROR(OFFSET($X7,0,MATCH(PD7,$Y$3:$AA$3,0)),0)+IF(PE7="心灵",$AB7,$X7)+IF(PE7="附着",$AC7,0)+IF(PE7="追击",$AD7,0)+PP$25+$W7+IF(OX$28,$AE$4,0)+PL12 -> 0.4 | PQ7: =IF(PE7="DOT",50%,MIN($R7+PQ$25+PJ12,1)) -> 0.75 | PR7: =$S7+PR$25+PK12 -> 1.36 | PS7: =1+PQ7*PR7 -> 2.02 | PT7: =1-$B$6+PT$25+IF($C$6=$F7,$C$8,0)+$AG7+PN12 -> 0.8 | PU7: =IF(PT7<1,PT7,(PT7-1)*0.925+1) -> 0.8 | PV7: =MIN($AF7+PV$25+PM12,1) -> 0 | PW7: =IF(PE7="心灵",1,$B$4/($B$4+$C$4*(1-PV7))) -> 0.49723757 | PX7: {=INDEX(动作!$I$3:$I$113,OY7)} -> 0 | PY7: =PO7*(1+PP7)*PS7*PU7*PW7*PP$28*(1+PW$25) -> 15713.707 | PZ7: =PY7*OX$8 -> 15713.707 | QA7: {=INDEX(云配队!$J7:$AC7,1,QA$1)} -> dot | QB7: {=IFERROR(MATCH(1,(动作!$A$3:$A$111=$D7)*EXACT(动作!$B$3:$B$111,QA7),0),1)} -> 43 | QC7: =$I7*(1+$J7+QC$25)+$K7+QD$25 -> 2329.2188 | QD7: =$L7*(1+$M7+QE$25)+$N7+QF$25 -> 20834.8 | QE7: =$O7*(1+$P7+QG$25)+$Q7+QH$25 -> 909 | QF7: =$U7+QI$25 -> 0 | QG7: {=INDEX(动作!$C$3:$C$113,QB7)} -> 普攻 | QH7: {=INDEX(动作!$D$3:$D$113,QB7)} -> 附着 | QI7: {=INDEX(动作!$E$3:$E$113,QB7)*$AH7} -> 59.970139 | QJ7: {=INDEX(动作!$F$3:$F$113,QB7)*$AH7} -> 0 | QK7: {=INDEX(动作!$G$3:$G$113,QB7)*$AH7} -> 0 | QL7: {=INDEX(动作!$H$3:$H$113,QB7)} -> 0 | QM7: {=INDEX(动作!$L$3:$L$113,QB7)*(1+QJ$25)*QA$8} -> 0 | QN7: {=INDEX(动作!$K$3:$K$113,QB7)*QA$8} -> 0 | QO7: {=INDEX(动作!$J$3:$J$113,QB7)*QA$8} -> 0 | QP7: {=INDEX(动作!$N$3:$N$113,QB7)*QA$8} -> 0 | QQ7: =(SUM(QO$4:QO$7)*(0.6+QL$25)+QO7*(0.4-QL$25))*(1+$T7+QK$25)+QP7 -> 0 | QR7: =QC7*QI7%+QD7*QJ7%+QE7*QK7%+QL7 -> 1396.8357 | QS7: =IFERROR(OFFSET($X7,0,MATCH(QG7,$Y$3:$AA$3,0)),0)+IF(QH7="心灵",$AB7,$X7)+IF(QH7="附着",$AC7,0)+IF(QH7="追击",$AD7,0)+QS$25+$W7+IF(QA$28,$AE$4,0)+QO12 -> 0.7 | QT7: =IF(QH7="DOT",50%,MIN($R7+QT$25+QM12,1)) -> 0.75 | QU7: =$S7+QU$25+QN12 -> 1.36 | QV7: =1+QT7*QU7 -> 2.02 | QW7: =1-$B$6+QW$25+IF($C$6=$F7,$C$8,0)+$AG7+QQ12 -> 0.8 | QX7: =IF(QW7<1,QW7,(QW7-1)*0.925+1) -> 0.8 | QY7: =MIN($AF7+QY$25+QP12,1) -> 0 | QZ7: =IF(QH7="心灵",1,$B$4/($B$4+$C$4*(1-QY7))) -> 0.49723757 | RA7: {=INDEX(动作!$I$3:$I$113,QB7)} -> 0 | RB7: =QR7*(1+QS7)*QV7*QX7*QZ7*QS$28*(1+QZ$25) -> 1908.093 | RC7: =RB7*QA$8 -> 22897.116 | RD7: {=INDEX(云配队!$J7:$AC7,1,RD$1)} -> 援护 | RE7: {=IFERROR(MATCH(1,(动作!$A$3:$A$111=$D7)*EXACT(动作!$B$3:$B$111,RD7),0),1)} -> 41 | RF7: =$I7*(1+$J7+RF$25)+$K7+RG$25 -> 2329.2188 | RG7: =$L7*(1+$M7+RH$25)+$N7+RI$25 -> 20834.8 | RH7: =$O7*(1+$P7+RJ$25)+$Q7+RK$25 -> 909 | RI7: =$U7+RL$25 -> 0 | RJ7: {=INDEX(动作!$C$3:$C$113,RE7)} -> 援护 | RK7: {=INDEX(动作!$D$3:$D$113,RE7)} -> 0 | RL7: {=INDEX(动作!$E$3:$E$113,RE7)*$AH7} -> 399.80093 | RM7: {=INDEX(动作!$F$3:$F$113,RE7)*$AH7} -> 0 | RN7: {=INDEX(动作!$G$3:$G$113,RE7)*$AH7} -> 0 | RO7: {=INDEX(动作!$H$3:$H$113,RE7)} -> 0 | RP7: {=INDEX(动作!$L$3:$L$113,RE7)*(1+RM$25)*RD$8} -> 2.5 | RQ7: {=INDEX(动作!$K$3:$K$113,RE7)*RD$8} -> 0 | RR7: {=INDEX(动作!$J$3:$J$113,RE7)*RD$8} -> 4.9 | RS7: {=INDEX(动作!$N$3:$N$113,RE7)*RD$8} -> 0 | RT7: =(SUM(RR$4:RR$7)*(0.6+RO$25)+RR7*(0.4-RO$25))*(1+$T7+RN$25)+RS7 -> 9.52 | RU7: =RF7*RL7%+RG7*RM7%+RH7*RN7%+RO7 -> 9312.2381 | RV7: =IFERROR(OFFSET($X7,0,MATCH(RJ7,$Y$3:$AA$3,0)),0)+IF(RK7="心灵",$AB7,$X7)+IF(RK7="附着",$AC7,0)+IF(RK7="追击",$AD7,0)+RV$25+$W7+IF(RD$28,$AE$4,0)+RR12 -> 0.4 | RW7: =IF(RK7="DOT",50%,MIN($R7+RW$25+RP12,1)) -> 0.75 | RX7: =$S7+RX$25+RQ12 -> 1.36 | RY7: =1+RW7*RX7 -> 2.02 | RZ7: =1-$B$6+RZ$25+IF($C$6=$F7,$C$8,0)+$AG7+RT12 -> 0.8 | SA7: =IF(RZ7<1,RZ7,(RZ7-1)*0.925+1) -> 0.8 | SB7: =MIN($AF7+SB$25+RS12,1) -> 0 | SC7: =IF(RK7="心灵",1,$B$4/($B$4+$C$4*(1-SB7))) -> 0.49723757 | SD7: {=INDEX(动作!$I$3:$I$113,RE7)} -> 1.3 | SE7: =RU7*(1+RV7)*RY7*SA7*SC7*RV$28*(1+SC$25) -> 10475.805 | SF7: =SE7*RD$8 -> 10475.805 | SG7: {=INDEX(云配队!$J7:$AC7,1,SG$1)} -> q | SH7: {=IFERROR(MATCH(1,(动作!$A$3:$A$111=$D7)*EXACT(动作!$B$3:$B$111,SG7),0),1)} -> 47 | SI7: =$I7*(1+$J7+SI$25)+$K7+SJ$25 -> 2329.2188 | SJ7: =$L7*(1+$M7+SK$25)+$N7+SL$25 -> 20834.8 | SK7: =$O7*(1+$P7+SM$25)+$Q7+SN$25 -> 909 | SL7: =$U7+SO$25 -> 0 | SM7: {=INDEX(动作!$C$3:$C$113,SH7)} -> Q | SN7: {=INDEX(动作!$D$3:$D$113,SH7)} -> 0 | SO7: {=INDEX(动作!$E$3:$E$113,SH7)*$AH7} -> 1199.4028 | SP7: {=INDEX(动作!$F$3:$F$113,SH7)*$AH7} -> 0 | SQ7: {=INDEX(动作!$G$3:$G$113,SH7)*$AH7} -> 0 | SR7: {=INDEX(动作!$H$3:$H$113,SH7)} -> 0 | SS7: {=INDEX(动作!$L$3:$L$113,SH7)*(1+SP$25)*SG$8} -> 1.5 | ST7: {=INDEX(动作!$K$3:$K$113,SH7)*SG$8} -> 0 | SU7: {=INDEX(动作!$J$3:$J$113,SH7)*SG$8} -> 0 | SV7: {=INDEX(动作!$N$3:$N$113,SH7)*SG$8} -> 0 | SW7: =(SUM(SU$4:SU$7)*(0.6+SR$25)+SU7*(0.4-SR$25))*(1+$T7+SQ$25)+SV7 -> 0 | SX7: =SI7*SO7%+SJ7*SP7%+SK7*SQ7%+SR7 -> 27936.714 | SY7: =IFERROR(OFFSET($X7,0,MATCH(SM7,$Y$3:$AA$3,0)),0)+IF(SN7="心灵",$AB7,$X7)+IF(SN7="附着",$AC7,0)+IF(SN7="追击",$AD7,0)+SY$25+$W7+IF(SG$28,$AE$4,0)+SU12 -> 0.4 | SZ7: =IF(SN7="DOT",50%,MIN($R7+SZ$25+SS12,1)) -> 0.75 | TA7: =$S7+TA$25+ST12 -> 1.36 | TB7: =1+SZ7*TA7 -> 2.02 | TC7: =1-$B$6+TC$25+IF($C$6=$F7,$C$8,0)+$AG7+SW12 -> 0.8 | TD7: =IF(TC7<1,TC7,(TC7-1)*0.925+1) -> 0.8 | TE7: =MIN($AF7+TE$25+SV12,1) -> 0 | TF7: =IF(SN7="心灵",1,$B$4/($B$4+$C$4*(1-TE7))) -> 0.49723757 | TG7: {=INDEX(动作!$I$3:$I$113,SH7)} -> 0 | TH7: =SX7*(1+SY7)*TB7*TD7*TF7*SY$28*(1+TF$25) -> 31427.415 | TI7: =TH7*SG$8 -> 31427.415 | TJ7: {=INDEX(云配队!$J7:$AC7,1,TJ$1)} -> 清算 | TK7: {=IFERROR(MATCH(1,(动作!$A$3:$A$111=$D7)*EXACT(动作!$B$3:$B$111,TJ7),0),1)} -> 44 | TL7: =$I7*(1+$J7+TL$25)+$K7+TM$25 -> 2329.2188 | TM7: =$L7*(1+$M7+TN$25)+$N7+TO$25 -> 20834.8 | TN7: =$O7*(1+$P7+TP$25)+$Q7+TQ$25 -> 909 | TO7: =$U7+TR$25 -> 0 | TP7: {=INDEX(动作!$C$3:$C$113,TK7)} -> 普攻 | TQ7: {=INDEX(动作!$D$3:$D$113,TK7)} -> 附着 | TR7: {=INDEX(动作!$E$3:$E$113,TK7)*$AH7} -> 199.90046 | TS7: {=INDEX(动作!$F$3:$F$113,TK7)*$AH7} -> 0 | TT7: {=INDEX(动作!$G$3:$G$113,TK7)*$AH7} -> 0 | TU7: {=INDEX(动作!$H$3:$H$113,TK7)} -> 0 | TV7: {=INDEX(动作!$L$3:$L$113,TK7)*(1+TS$25)*TJ$8} -> 0 | TW7: {=INDEX(动作!$K$3:$K$113,TK7)*TJ$8} -> 0 | TX7: {=INDEX(动作!$J$3:$J$113,TK7)*TJ$8} -> 0 | TY7: {=INDEX(动作!$N$3:$N$113,TK7)*TJ$8} -> 40 | TZ7: =(SUM(TX$4:TX$7)*(0.6+TU$25)+TX7*(0.4-TU$25))*(1+$T7+TT$25)+TY7 -> 40 | UA7: =TL7*TR7%+TM7*TS7%+TN7*TT7%+TU7 -> 4656.1191 | UB7: =IFERROR(OFFSET($X7,0,MATCH(TP7,$Y$3:$AA$3,0)),0)+IF(TQ7="心灵",$AB7,$X7)+IF(TQ7="附着",$AC7,0)+IF(TQ7="追击",$AD7,0)+UB$25+$W7+IF(TJ$28,$AE$4,0)+TX12 -> 0.7 | UC7: =IF(TQ7="DOT",50%,MIN($R7+UC$25+TV12,1)) -> 0.75 | UD7: =$S7+UD$25+TW12 -> 1.36 | UE7: =1+UC7*UD7 -> 2.02 | UF7: =1-$B$6+UF$25+IF($C$6=$F7,$C$8,0)+$AG7+TZ12 -> 0.8 | UG7: =IF(UF7<1,UF7,(UF7-1)*0.925+1) -> 0.8 | UH7: =MIN($AF7+UH$25+TY12,1) -> 0 | UI7: =IF(TQ7="心灵",1,$B$4/($B$4+$C$4*(1-UH7))) -> 0.49723757 | UJ7: {=INDEX(动作!$I$3:$I$113,TK7)} -> 0 | UK7: =UA7*(1+UB7)*UE7*UG7*UI7*UB$28*(1+UI$25) -> 6360.3101 | UL7: =UK7*TJ$8 -> 6360.3101 | UM7: {=INDEX(云配队!$J7:$AC7,1,UM$1)} -> 0 | UN7: {=IFERROR(MATCH(1,(动作!$A$3:$A$111=$D7)*EXACT(动作!$B$3:$B$111,UM7),0),1)} -> 1 | UO7: =$I7*(1+$J7+UO$25)+$K7+UP$25 -> 2329.2188 | UP7: =$L7*(1+$M7+UQ$25)+$N7+UR$25 -> 20834.8 | UQ7: =$O7*(1+$P7+US$25)+$Q7+UT$25 -> 909 | UR7: =$U7+UU$25 -> 0 | US7: {=INDEX(动作!$C$3:$C$113,UN7)} -> 无 | UT7: {=INDEX(动作!$D$3:$D$113,UN7)} -> 0 | UU7: {=INDEX(动作!$E$3:$E$113,UN7)*$AH7} -> 0 | UV7: {=INDEX(动作!$F$3:$F$113,UN7)*$AH7} -> 0 | UW7: {=INDEX(动作!$G$3:$G$113,UN7)*$AH7} -> 0 | UX7: {=INDEX(动作!$H$3:$H$113,UN7)} -> 0 | UY7: {=INDEX(动作!$L$3:$L$113,UN7)*(1+UV$25)*UM$8} -> 0 | UZ7: {=INDEX(动作!$K$3:$K$113,UN7)*UM$8} -> 0 | VA7: {=INDEX(动作!$J$3:$J$113,UN7)*UM$8} -> 0 | VB7: {=INDEX(动作!$N$3:$N$113,UN7)*UM$8} -> 0 | VC7: =(SUM(VA$4:VA$7)*(0.6+UX$25)+VA7*(0.4-UX$25))*(1+$T7+UW$25)+VB7 -> 0 | VD7: =UO7*UU7%+UP7*UV7%+UQ7*UW7%+UX7 -> 0 | VE7: =IFERROR(OFFSET($X7,0,MATCH(US7,$Y$3:$AA$3,0)),0)+IF(UT7="心灵",$AB7,$X7)+IF(UT7="附着",$AC7,0)+IF(UT7="追击",$AD7,0)+VE$25+$W7+IF(UM$28,$AE$4,0)+VA12 -> 0.475 | VF7: =IF(UT7="DOT",50%,MIN($R7+VF$25+UY12,1)) -> 0.75 | VG7: =$S7+VG$25+UZ12 -> 1.36 | VH7: =1+VF7*VG7 -> 2.02 | VI7: =1-$B$6+VI$25+IF($C$6=$F7,$C$8,0)+$AG7+VC12 -> 0.8 | VJ7: =IF(VI7<1,VI7,(VI7-1)*0.925+1) -> 0.8 | VK7: =MIN($AF7+VK$25+VB12,1) -> 0 | VL7: =IF(UT7="心灵",1,$B$4/($B$4+$C$4*(1-VK7))) -> 0.49723757 | VM7: {=INDEX(动作!$I$3:$I$113,UN7)} -> 0 | VN7: =VD7*(1+VE7)*VH7*VJ7*VL7*VE$28*(1+VL$25) -> 0 | VO7: =VN7*UM$8 -> 0 | VP7: {=INDEX(云配队!$J7:$AC7,1,VP$1)} -> 0 | VQ7: {=IFERROR(MATCH(1,(动作!$A$3:$A$111=$D7)*EXACT(动作!$B$3:$B$111,VP7),0),1)} -> 1 | VR7: =$I7*(1+$J7+VR$25)+$K7+VS$25 -> 2329.2188 | VS7: =$L7*(1+$M7+VT$25)+$N7+VU$25 -> 20834.8 | VT7: =$O7*(1+$P7+VV$25)+$Q7+VW$25 -> 909 | VU7: =$U7+VX$25 -> 0 | VV7: {=INDEX(动作!$C$3:$C$113,VQ7)} -> 无 | VW7: {=INDEX(动作!$D$3:$D$113,VQ7)} -> 0 | VX7: {=INDEX(动作!$E$3:$E$113,VQ7)*$AH7} -> 0 | VY7: {=INDEX(动作!$F$3:$F$113,VQ7)*$AH7} -> 0 | VZ7: {=INDEX(动作!$G$3:$G$113,VQ7)*$AH7} -> 0 | WA7: {=INDEX(动作!$H$3:$H$113,VQ7)} -> 0 | WB7: {=INDEX(动作!$L$3:$L$113,VQ7)*(1+VY$25)*VP$8} -> 0 | WC7: {=INDEX(动作!$K$3:$K$113,VQ7)*VP$8} -> 0 | WD7: {=INDEX(动作!$J$3:$J$113,VQ7)*VP$8} -> 0 | WE7: {=INDEX(动作!$N$3:$N$113,VQ7)*VP$8} -> 0 | WF7: =(SUM(WD$4:WD$7)*(0.6+WA$25)+WD7*(0.4-WA$25))*(1+$T7+VZ$25)+WE7 -> 0 | WG7: =VR7*VX7%+VS7*VY7%+VT7*VZ7%+WA7 -> 0 | WH7: =IFERROR(OFFSET($X7,0,MATCH(VV7,$Y$3:$AA$3,0)),0)+IF(VW7="心灵",$AB7,$X7)+IF(VW7="附着",$AC7,0)+IF(VW7="追击",$AD7,0)+WH$25+$W7+IF(VP$28,$AE$4,0)+WD12 -> 0.4 | WI7: =IF(VW7="DOT",50%,MIN($R7+WI$25+WB12,1)) -> 0.75 | WJ7: =$S7+WJ$25+WC12 -> 1.36 | WK7: =1+WI7*WJ7 -> 2.02 | WL7: =1-$B$6+WL$25+IF($C$6=$F7,$C$8,0)+$AG7+WF12 -> 0.8 | WM7: =IF(WL7<1,WL7,(WL7-1)*0.925+1) -> 0.8 | WN7: =MIN($AF7+WN$25+WE12,1) -> 0.1675 | WO7: =IF(VW7="心灵",1,$B$4/($B$4+$C$4*(1-WN7))) -> 0.54296186 | WP7: {=INDEX(动作!$I$3:$I$113,VQ7)} -> 0 | WQ7: =WG7*(1+WH7)*WK7*WM7*WO7*WH$28*(1+WO$25) -> 0 | WR7: =WQ7*VP$8 -> 0
